t;q1;q2;q1dot;q2dot;x;y
0;0.488692191;-0.848230016;0;0;0.681609755;0.080366629
0.002722723;0.488694445;-0.848226472;0.001655494;0.002602591;0.681609988;0.080369267
0.005445445;0.488701202;-0.848215849;0.003307671;0.005199967;0.681610685;0.080377175
0.008168168;0.488712454;-0.848198161;0.004956531;0.007792127;0.681611847;0.080390341
0.010890891;0.48872819;-0.848173422;0.006602072;0.010379072;0.681613471;0.080408755
0.013613614;0.488748402;-0.848141647;0.008244296;0.0129608;0.681615556;0.080432407
0.016336336;0.488773081;-0.848102849;0.009883202;0.015537314;0.681618101;0.080461286
0.019059059;0.488802217;-0.848057044;0.011518791;0.018108611;0.681621103;0.080495383
0.021781782;0.488835803;-0.848004245;0.013151062;0.020674693;0.681624561;0.080534686
0.024504505;0.488873828;-0.847944466;0.014780016;0.02323556;0.681628473;0.080579185
0.027227227;0.488916284;-0.847877722;0.016405652;0.02579121;0.681632836;0.080628871
0.02994995;0.488963161;-0.847804026;0.01802797;0.028341646;0.681637649;0.080683732
0.032672673;0.489014451;-0.847723393;0.01964697;0.030886865;0.681642909;0.080743759
0.035395395;0.489070144;-0.847635838;0.021262653;0.033426869;0.681648613;0.080808941
0.038118118;0.489130232;-0.847541374;0.022875019;0.035961657;0.681654759;0.080879269
0.040840841;0.489194706;-0.847440015;0.024484067;0.03849123;0.681661344;0.080954731
0.043563564;0.489263556;-0.847331777;0.026089797;0.041015587;0.681668365;0.081035319
0.046286286;0.489336774;-0.847216672;0.027692209;0.043534729;0.681675818;0.081121021
0.049009009;0.489414349;-0.847094715;0.029291304;0.046048655;0.681683701;0.081211829
0.051731732;0.489496275;-0.846965921;0.030887081;0.048557365;0.681692009;0.081307731
0.054454454;0.48958254;-0.846830304;0.032479541;0.051060859;0.681700741;0.081408719
0.057177177;0.489673137;-0.846687877;0.034068683;0.053559139;0.681709891;0.081514781
0.0598999;0.489768057;-0.846538655;0.035654507;0.056052202;0.681719457;0.081625909
0.062622623;0.489867289;-0.846382652;0.037237014;0.05854005;0.681729433;0.081742092
0.065345345;0.489970826;-0.846219883;0.038816203;0.061022682;0.681739817;0.08186332
0.068068068;0.490078657;-0.846050361;0.040392074;0.063500099;0.681750605;0.081989584
0.070790791;0.490190775;-0.845874102;0.041964628;0.065972299;0.68176179;0.082120874
0.073513514;0.490307171;-0.845691118;0.043533865;0.068439285;0.681773371;0.08225718
0.076236236;0.490427834;-0.845501424;0.045099783;0.070901055;0.681785341;0.082398492
0.078958959;0.490552756;-0.845305035;0.046662384;0.073357609;0.681797696;0.082544801
0.081681682;0.490681928;-0.845101964;0.048221668;0.075808947;0.681810432;0.082696096
0.084404404;0.490815341;-0.844892226;0.049777633;0.07825507;0.681823544;0.082852369
0.087127127;0.490952987;-0.844675835;0.051330281;0.080695977;0.681837026;0.083013609
0.08984985;0.491094855;-0.844452805;0.052879612;0.083131669;0.681850873;0.083179807
0.092572573;0.491240937;-0.844223151;0.054425625;0.085562145;0.681865081;0.083350954
0.095295295;0.491391223;-0.843986886;0.05596832;0.087987405;0.681879644;0.083527039
0.098018018;0.491545706;-0.843744025;0.057507698;0.09040745;0.681894555;0.083708054
0.100740741;0.491704375;-0.843494582;0.059043758;0.09282228;0.681909811;0.083893989
0.103463463;0.491867223;-0.843238571;0.0605765;0.095231893;0.681925405;0.084084833
0.106186186;0.492034238;-0.842976006;0.062105925;0.097636291;0.68194133;0.084280579
0.108908909;0.492205414;-0.842706902;0.063632032;0.100035473;0.681957582;0.084481216
0.111631632;0.49238074;-0.842431273;0.065154821;0.10242944;0.681974154;0.084686734
0.114354354;0.492560208;-0.842149133;0.066674293;0.104818191;0.681991041;0.084897126
0.117077077;0.492743808;-0.841860496;0.068190448;0.107201727;0.682008234;0.08511238
0.1197998;0.492931532;-0.841565377;0.069703284;0.109580047;0.68202573;0.085332488
0.122522523;0.493123371;-0.841263789;0.071212803;0.111953151;0.68204352;0.085557441
0.125245245;0.493319315;-0.840955747;0.072719005;0.11432104;0.682061598;0.085787228
0.127967968;0.493519355;-0.840641265;0.074221888;0.116683713;0.682079958;0.086021841
0.130690691;0.493723483;-0.840320357;0.075721454;0.11904117;0.682098592;0.086261271
0.133413413;0.493931689;-0.839993037;0.077217703;0.121393412;0.682117494;0.086505508
0.136136136;0.494143965;-0.83965932;0.078710634;0.123740438;0.682136657;0.086754543
0.138858859;0.494360301;-0.83931922;0.080200247;0.126082249;0.682156074;0.087008367
0.141581582;0.494580688;-0.838972751;0.081686543;0.128418844;0.682175736;0.08726697
0.144304304;0.494805117;-0.838619927;0.083169521;0.130750223;0.682195638;0.087530343
0.147027027;0.49503358;-0.838260762;0.084649181;0.133076387;0.682215772;0.087798477
0.14974975;0.495266067;-0.837895272;0.086125524;0.135397335;0.682236129;0.088071364
0.152472472;0.495502569;-0.837523468;0.087598549;0.137713068;0.682256703;0.088348992
0.155195195;0.495743077;-0.837145367;0.089068257;0.140023585;0.682277485;0.088631355
0.157917918;0.495987582;-0.836760982;0.090534646;0.142328886;0.682298468;0.088918442
0.160640641;0.496236075;-0.836370328;0.091997719;0.144628972;0.682319644;0.089210244
0.163363363;0.496488548;-0.835973418;0.093457473;0.146923842;0.682341005;0.089506753
0.166086086;0.49674499;-0.835570267;0.09491391;0.149213496;0.682362543;0.089807958
0.168808809;0.497005393;-0.835160889;0.09636703;0.151497935;0.682384248;0.090113852
0.171531532;0.497269748;-0.834745298;0.097816832;0.153777158;0.682406114;0.090424425
0.174254254;0.497538046;-0.834323508;0.099263316;0.156051166;0.682428132;0.090739667
0.176976977;0.497810278;-0.833895534;0.100706482;0.158319958;0.682450293;0.09105957
0.1796997;0.498086435;-0.83346139;0.102146331;0.160583535;0.682472588;0.091384125
0.182422422;0.498366508;-0.83302109;0.103582862;0.162841895;0.682495009;0.091713323
0.185145145;0.498650487;-0.832574648;0.105016076;0.16509504;0.682517547;0.092047155
0.187867868;0.498938364;-0.832122079;0.106445972;0.16734297;0.682540193;0.092385611
0.190590591;0.49923013;-0.831663396;0.10787255;0.169585684;0.682562939;0.092728683
0.193313313;0.499525775;-0.831198614;0.109295811;0.171823182;0.682585775;0.093076361
0.196036036;0.499825291;-0.830727747;0.110715754;0.174055465;0.682608691;0.093428638
0.198758759;0.500128668;-0.830250809;0.11213238;0.176282532;0.68263168;0.093785502
0.201481481;0.500435899;-0.829767815;0.113545688;0.178504384;0.682654731;0.094146947
0.204204204;0.500746972;-0.829278778;0.114955678;0.18072102;0.682677835;0.094512962
0.206926927;0.501061881;-0.828783713;0.116362351;0.18293244;0.682700983;0.094883539
0.20964965;0.501380614;-0.828282634;0.117765706;0.185138644;0.682724164;0.095258669
0.212372372;0.501703164;-0.827775556;0.119165743;0.187339634;0.68274737;0.095638342
0.215095095;0.502029522;-0.827262491;0.120562463;0.189535407;0.682770591;0.096022551
0.217817818;0.502359678;-0.826743456;0.121955865;0.191725965;0.682793816;0.096411285
0.220540541;0.502693623;-0.826218463;0.12334595;0.193911307;0.682817036;0.096804536
0.223263263;0.503031348;-0.825687527;0.124732717;0.196091434;0.682840242;0.097202295
0.225985986;0.503372845;-0.825150662;0.126116166;0.198266345;0.682863422;0.097604552
0.228708709;0.503718104;-0.824607883;0.127496298;0.20043604;0.682886566;0.0980113
0.231431431;0.504067116;-0.824059203;0.128873112;0.20260052;0.682909666;0.098422529
0.234154154;0.504419872;-0.823504638;0.130246608;0.204759784;0.682932709;0.09883823
0.236876877;0.504776364;-0.8229442;0.131616787;0.206913832;0.682955687;0.099258393
0.2395996;0.505136581;-0.822377904;0.132983648;0.209062665;0.682978587;0.099683011
0.242322322;0.505500516;-0.821805765;0.134347192;0.211206282;0.683001401;0.100112074
0.245045045;0.505868159;-0.821227797;0.135707417;0.213344684;0.683024117;0.100545573
0.247767768;0.5062395;-0.820644013;0.137064326;0.21547787;0.683046725;0.1009835
0.25049049;0.506614532;-0.820054429;0.138417916;0.217605841;0.683069213;0.101425844
0.253213213;0.506993245;-0.819459057;0.139768189;0.219728595;0.683091572;0.101872598
0.255935936;0.507375629;-0.818857913;0.141115145;0.221846135;0.68311379;0.102323752
0.258658659;0.507761676;-0.818251011;0.142458783;0.223958458;0.683135856;0.102779297
0.261381381;0.508151377;-0.817638364;0.143799103;0.226065566;0.683157759;0.103239224
0.264104104;0.508544723;-0.817019988;0.145136105;0.228167459;0.683179489;0.103703524
0.266826827;0.508941705;-0.816395896;0.14646979;0.230264135;0.683201033;0.104172189
0.26954955;0.509342314;-0.815766102;0.147800158;0.232355597;0.683222382;0.104645208
0.272272272;0.50974654;-0.815130621;0.149127207;0.234441842;0.683243523;0.105122574
0.274994995;0.510154375;-0.814489466;0.150450939;0.236522872;0.683264445;0.105604277
0.277717718;0.510565809;-0.813842653;0.151771354;0.238598686;0.683285136;0.106090308
0.28044044;0.510980834;-0.813190195;0.153088451;0.240669285;0.683305586;0.106580657
0.283163163;0.511399441;-0.812532106;0.15440223;0.242734668;0.683325783;0.107075317
0.285885886;0.51182162;-0.811868401;0.155712691;0.244794836;0.683345715;0.107574277
0.288608609;0.512247363;-0.811199094;0.157019835;0.246849787;0.68336537;0.108077529
0.291331331;0.51267666;-0.810524199;0.158323662;0.248899524;0.683384737;0.108585063
0.294054054;0.513109503;-0.80984373;0.15962417;0.250944044;0.683403803;0.109096871
0.296776777;0.513545882;-0.809157702;0.160921361;0.252983349;0.683422558;0.109612943
0.299499499;0.513985788;-0.808466128;0.162215235;0.255017439;0.683440989;0.11013327
0.302222222;0.514429213;-0.807769023;0.16350579;0.257046312;0.683459084;0.110657843
0.304944945;0.514876147;-0.807066401;0.164793029;0.259069971;0.683476831;0.111186653
0.307667668;0.515326582;-0.806358276;0.166076949;0.261088413;0.683494218;0.11171969
0.31039039;0.515780507;-0.805644663;0.167357552;0.26310164;0.683511233;0.112256946
0.313113113;0.516237915;-0.804925575;0.168634837;0.265109651;0.683527864;0.112798411
0.315835836;0.516698796;-0.804201027;0.169908805;0.267112447;0.683544098;0.113344076
0.318558559;0.517163141;-0.803471034;0.171179455;0.269110027;0.683559923;0.113893931
0.321281281;0.517630941;-0.802735608;0.172446788;0.271102392;0.683575327;0.114447968
0.324004004;0.518102188;-0.801994765;0.173710802;0.273089541;0.683590297;0.115006177
0.326726727;0.518576871;-0.801248519;0.1749715;0.275071474;0.683604822;0.115568548
0.329449449;0.519054982;-0.800496883;0.176228879;0.277048192;0.683618887;0.116135073
0.332172172;0.519536513;-0.799739873;0.177482941;0.279019694;0.683632482;0.116705742
0.334894895;0.520021453;-0.798977501;0.178733686;0.28098598;0.683645593;0.117280546
0.337617618;0.520509794;-0.798209784;0.179981112;0.282947051;0.683658207;0.117859475
0.34034034;0.521001527;-0.797436733;0.181225221;0.284902906;0.683670312;0.118442519
0.343063063;0.521496643;-0.796658365;0.182466013;0.286853546;0.683681895;0.119029671
0.345785786;0.521995133;-0.795874693;0.183703487;0.28879897;0.683692943;0.119620919
0.348508509;0.522496988;-0.795085731;0.184937643;0.290739178;0.683703444;0.120216254
0.351231231;0.523002198;-0.794291493;0.186168481;0.292674171;0.683713385;0.120815667
0.353953954;0.523510755;-0.793491994;0.187396002;0.294603948;0.683722751;0.121419149
0.356676677;0.52402265;-0.792687248;0.188620206;0.296528509;0.683731532;0.12202669
0.359399399;0.524537873;-0.791877269;0.189841091;0.298447855;0.683739713;0.12263828
0.362122122;0.525056416;-0.791062071;0.191058659;0.300361985;0.683747281;0.123253909
0.364844845;0.525578269;-0.790241669;0.19227291;0.3022709;0.683754224;0.123873569
0.367567568;0.526103425;-0.789416077;0.193483843;0.304174599;0.683760529;0.124497249
0.37029029;0.526631872;-0.788585308;0.194691458;0.306073083;0.683766181;0.125124939
0.373013013;0.527163603;-0.787749377;0.195895755;0.30796635;0.683771168;0.125756631
0.375735736;0.527698609;-0.786908298;0.197096735;0.309854403;0.683775476;0.126392314
0.378458458;0.52823688;-0.786062086;0.198294398;0.311737239;0.683779093;0.127031978
0.381181181;0.528778407;-0.785210755;0.199488742;0.31361486;0.683782005;0.127675614
0.383903904;0.529323182;-0.784354319;0.20067977;0.315487266;0.683784198;0.128323211
0.386626627;0.529871195;-0.783492791;0.201867479;0.317354455;0.683785659;0.128974761
0.389349349;0.530422437;-0.782626187;0.203051871;0.319216429;0.683786375;0.129630252
0.392072072;0.5309769;-0.78175452;0.204232945;0.321073188;0.683786332;0.130289676
0.394794795;0.531534573;-0.780877805;0.205410702;0.322924731;0.683785517;0.130953022
0.397517518;0.532095449;-0.779996056;0.206585141;0.324771058;0.683783915;0.13162028
0.40024024;0.532659519;-0.779109287;0.207756262;0.32661217;0.683781515;0.13229144
0.402962963;0.533226772;-0.778217512;0.208924066;0.328448066;0.683778301;0.132966493
0.405685686;0.5337972;-0.777320746;0.210088552;0.330278746;0.68377426;0.133645427
0.408408408;0.534370795;-0.776419002;0.21124972;0.332104211;0.683769379;0.134328234
0.411131131;0.534947546;-0.775512295;0.212407571;0.33392446;0.683763644;0.135014902
0.413853854;0.535527445;-0.774600639;0.213562104;0.335739494;0.683757041;0.135705422
0.416576577;0.536110484;-0.773684049;0.21471332;0.337549312;0.683749556;0.136399783
0.419299299;0.536696652;-0.772762537;0.215861218;0.339353915;0.683741176;0.137097976
0.422022022;0.537285941;-0.77183612;0.217005798;0.341153301;0.683731886;0.137799989
0.424744745;0.537878342;-0.77090481;0.218147061;0.342947472;0.683721674;0.138505813
0.427467467;0.538473846;-0.769968623;0.219285006;0.344736428;0.683710524;0.139215437
0.43019019;0.539072444;-0.769027572;0.220419633;0.346520168;0.683698424;0.13992885
0.432912913;0.539674126;-0.768081671;0.221550943;0.348298692;0.683685359;0.140646044
0.435635636;0.540278884;-0.767130935;0.222678936;0.350072001;0.683671315;0.141367006
0.438358358;0.540886709;-0.766175378;0.22380361;0.351840094;0.683656279;0.142091726
0.441081081;0.541497592;-0.765215014;0.224924967;0.353602972;0.683640236;0.142820194
0.443803804;0.542111523;-0.764249857;0.226043006;0.355360633;0.683623173;0.1435524
0.446526527;0.542728494;-0.763279921;0.227157728;0.35711308;0.683605075;0.144288332
0.449249249;0.543348495;-0.762305222;0.228269132;0.35886031;0.683585928;0.14502798
0.451971972;0.543971518;-0.761325772;0.229377219;0.360602325;0.683565719;0.145771334
0.454694695;0.544597553;-0.760341586;0.230481988;0.362339125;0.683544432;0.146518382
0.457417417;0.545226592;-0.759352679;0.231583439;0.364070708;0.683522055;0.147269114
0.46014014;0.545858625;-0.758359064;0.232681572;0.365797077;0.683498573;0.148023518
0.462862863;0.546493644;-0.757360755;0.233776388;0.367518229;0.683473972;0.148781585
0.465585586;0.547131639;-0.756357768;0.234867887;0.369234166;0.683448238;0.149543303
0.468308308;0.547772601;-0.755350116;0.235956068;0.370944888;0.683421356;0.150308661
0.471031031;0.548416521;-0.754337813;0.237040931;0.372650393;0.683393313;0.151077648
0.473753754;0.549063391;-0.753320873;0.238122476;0.374350683;0.683364094;0.151850253
0.476476476;0.549713201;-0.752299311;0.239200704;0.376045758;0.683333686;0.152626466
0.479199199;0.550365943;-0.751273141;0.240275614;0.377735617;0.683302073;0.153406274
0.481921922;0.551021606;-0.750242377;0.241347207;0.37942026;0.683269242;0.154189667
0.484644645;0.551680183;-0.749207034;0.242415482;0.381099688;0.683235179;0.154976634
0.487367367;0.552341663;-0.748167124;0.243480439;0.3827739;0.683199869;0.155767163
0.49009009;0.553006039;-0.747122664;0.244542079;0.384442896;0.683163298;0.156561244
0.492812813;0.553673301;-0.746073666;0.245600401;0.386106677;0.683125452;0.157358863
0.495535536;0.55434344;-0.745020146;0.246655406;0.387765242;0.683086317;0.158160012
0.498258258;0.555016446;-0.743962117;0.247707092;0.389418592;0.683045878;0.158964677
0.500980981;0.555692312;-0.742899593;0.248755462;0.391066726;0.683004121;0.159772847
0.503703704;0.556371028;-0.741832589;0.249800513;0.392709644;0.682961032;0.160584511
0.506426426;0.557052584;-0.740761119;0.250842247;0.394347347;0.682916596;0.161399658
0.509149149;0.557736972;-0.739685197;0.251880664;0.395979834;0.6828708;0.162218275
0.511871872;0.558424184;-0.738604837;0.252915762;0.397607105;0.68282363;0.163040351
0.514594595;0.559114208;-0.737520053;0.253947543;0.399229161;0.68277507;0.163865875
0.517317317;0.559807038;-0.736430861;0.254976007;0.400846002;0.682725106;0.164694834
0.52004004;0.560502663;-0.735337273;0.256001153;0.402457626;0.682673725;0.165527216
0.522762763;0.561201075;-0.734239305;0.257022981;0.404064035;0.682620912;0.166363011
0.525485485;0.561902265;-0.733136969;0.258041492;0.405665229;0.682566653;0.167202205
0.528208208;0.562606223;-0.732030281;0.259056685;0.407261207;0.682510933;0.168044787
0.530930931;0.563312941;-0.730919255;0.26006856;0.408851969;0.682453739;0.168890745
0.533653654;0.564022409;-0.729803905;0.261077118;0.410437516;0.682395056;0.169740067
0.536376376;0.564734619;-0.728684245;0.262082358;0.412017847;0.682334869;0.170592741
0.539099099;0.565449562;-0.727560289;0.263084281;0.413592962;0.682273165;0.171448755
0.541821822;0.566167227;-0.726432052;0.264082885;0.415162862;0.68220993;0.172308095
0.544544545;0.566887607;-0.725299547;0.265078173;0.416727546;0.682145148;0.173170751
0.547267267;0.567610693;-0.724162789;0.266070142;0.418287014;0.682078807;0.17403671
0.54998999;0.568336475;-0.723021793;0.267058794;0.419841267;0.682010891;0.174905959
0.552712713;0.569064944;-0.721876571;0.268044129;0.421390305;0.681941387;0.175778486
0.555435435;0.569796092;-0.72072714;0.269026145;0.422934126;0.68187028;0.176654279
0.558158158;0.570529908;-0.719573511;0.270004845;0.424472732;0.681797557;0.177533324
0.560880881;0.571266385;-0.718415701;0.270980226;0.426006123;0.681723202;0.17841561
0.563603604;0.572005513;-0.717253723;0.27195229;0.427534298;0.681647202;0.179301124
0.566326326;0.572747284;-0.716087591;0.272921036;0.429057257;0.681569543;0.180189854
0.569049049;0.573491687;-0.71491732;0.273886465;0.430575001;0.68149021;0.181081785
0.571771772;0.574238714;-0.713742923;0.274848576;0.432087529;0.68140919;0.181976906
0.574494494;0.574988357;-0.712564416;0.275807369;0.433594841;0.681326468;0.182875204
0.577217217;0.575740605;-0.711381811;0.276762845;0.435096938;0.681242031;0.183776666
0.57993994;0.576495451;-0.710195124;0.277715003;0.436593819;0.681155864;0.184681279
0.582662663;0.577252884;-0.709004368;0.278663844;0.438085484;0.681067953;0.18558903
0.585385385;0.578012897;-0.707809558;0.279609367;0.439571934;0.680978284;0.186499906
0.588108108;0.578775479;-0.706610708;0.280551572;0.441053169;0.680886843;0.187413894
0.590830831;0.579540622;-0.705407832;0.281490459;0.442529187;0.680793617;0.18833098
0.593553554;0.580308317;-0.704200944;0.28242603;0.443999991;0.680698591;0.189251152
0.596276276;0.581078554;-0.702990059;0.283358282;0.445465578;0.680601751;0.190174396
0.598998999;0.581851326;-0.70177519;0.284287217;0.44692595;0.680503084;0.191100698
0.601721722;0.582626622;-0.700556352;0.285212834;0.448381106;0.680402574;0.192030047
0.604444444;0.583404434;-0.69933356;0.286135133;0.449831047;0.68030021;0.192962427
0.607167167;0.584184752;-0.698106827;0.287054115;0.451275772;0.680195976;0.193897826
0.60988989;0.584967568;-0.696876167;0.28796978;0.452715281;0.68008986;0.19483623
0.612612613;0.585752873;-0.695641595;0.288882126;0.454149575;0.679981846;0.195777625
0.615335335;0.586540657;-0.694403125;0.289791155;0.455578653;0.679871922;0.196721998
0.618058058;0.587330912;-0.693160771;0.290696867;0.457002516;0.679760073;0.197669336
0.620780781;0.588123628;-0.691914547;0.29159926;0.458421163;0.679646286;0.198619623
0.623503504;0.588918797;-0.690664468;0.292498337;0.459834594;0.679530548;0.199572847
0.626226226;0.589716409;-0.689410548;0.293394095;0.46124281;0.679412844;0.200528994
0.628948949;0.590516455;-0.688152801;0.294286536;0.46264581;0.67929316;0.201488049
0.631671672;0.591318927;-0.68689124;0.295175659;0.464043595;0.679171485;0.202449999
0.634394394;0.592123815;-0.685625881;0.296061465;0.465436163;0.679047803;0.20341483
0.637117117;0.59293111;-0.684356738;0.296943953;0.466823517;0.678922101;0.204382527
0.63983984;0.593740804;-0.683083824;0.297823123;0.468205654;0.678794366;0.205353077
0.642562563;0.594552887;-0.681807154;0.298698976;0.469582576;0.678664584;0.206326464
0.645285285;0.59536735;-0.680526742;0.299571511;0.470954283;0.678532742;0.207302676
0.648008008;0.596184184;-0.679242603;0.300440729;0.472320774;0.678398826;0.208281697
0.650730731;0.597003381;-0.67795475;0.301306629;0.473682049;0.678262824;0.209263514
0.653453453;0.59782493;-0.676663198;0.302169211;0.475038109;0.678124721;0.210248111
0.656176176;0.598648824;-0.675367961;0.303028476;0.476388953;0.677984505;0.211235475
0.658898899;0.599475052;-0.674069053;0.303884423;0.477734581;0.677842162;0.21222559
0.661621622;0.600303607;-0.672766488;0.304737052;0.479074994;0.677697679;0.213218442
0.664344344;0.601134478;-0.671460281;0.305586364;0.480410191;0.677551043;0.214214017
0.667067067;0.601967658;-0.670150445;0.306432358;0.481740172;0.677402241;0.2152123
0.66978979;0.602803136;-0.668836996;0.307275035;0.483064938;0.677251259;0.216213275
0.672512513;0.603640904;-0.667519946;0.308114394;0.484384489;0.677098085;0.217216929
0.675235235;0.604480953;-0.666199311;0.308950435;0.485698823;0.676942705;0.218223246
0.677957958;0.605323274;-0.664875104;0.309783159;0.487007942;0.676785107;0.219232211
0.680680681;0.606167857;-0.663547341;0.310612565;0.488311846;0.676625278;0.22024381
0.683403403;0.607014694;-0.662216034;0.311438653;0.489610534;0.676463205;0.221258026
0.686126126;0.607863776;-0.660881198;0.312261424;0.490904006;0.676298875;0.222274846
0.688848849;0.608715094;-0.659542847;0.313080877;0.492192262;0.676132275;0.223294254
0.691571572;0.609568638;-0.658200996;0.313897013;0.493475303;0.675963393;0.224316234
0.694294294;0.6104244;-0.656855659;0.31470983;0.494753129;0.675792215;0.225340772
0.697017017;0.61128237;-0.65550685;0.315519331;0.496025739;0.67561873;0.226367852
0.69973974;0.61214254;-0.654154583;0.316325513;0.497293133;0.675442924;0.227397459
0.702462462;0.613004901;-0.652798872;0.317128379;0.498555311;0.675264786;0.228429577
0.705185185;0.613869443;-0.651439732;0.317927926;0.499812274;0.675084302;0.229464191
0.707907908;0.614736157;-0.650077176;0.318724156;0.501064022;0.674901461;0.230501285
0.710630631;0.615605035;-0.64871122;0.319517068;0.502310553;0.674716249;0.231540843
0.713353353;0.616476067;-0.647341876;0.320306662;0.503551869;0.674528654;0.23258285
0.716076076;0.617349244;-0.64596916;0.321092939;0.50478797;0.674338665;0.233627291
0.718798799;0.618224558;-0.644593086;0.321875899;0.506018855;0.674146269;0.234674149
0.721521522;0.619101999;-0.643213667;0.32265554;0.507244524;0.673951454;0.235723408
0.724244244;0.619981558;-0.641830918;0.323431864;0.508464978;0.673754208;0.236775053
0.726966967;0.620863226;-0.640444853;0.324204871;0.509680216;0.673554518;0.237829067
0.72968969;0.621746995;-0.639055487;0.32497456;0.510890238;0.673352373;0.238885436
0.732412412;0.622632854;-0.637662833;0.325740931;0.512095045;0.673147761;0.239944141
0.735135135;0.623520796;-0.636266906;0.326503984;0.513294636;0.67294067;0.241005169
0.737857858;0.624410811;-0.63486772;0.32726372;0.514489012;0.672731087;0.242068501
0.740580581;0.62530289;-0.633465289;0.328020139;0.515678172;0.672519002;0.243134123
0.743303303;0.626197024;-0.632059627;0.328773239;0.516862116;0.672304403;0.244202017
0.746026026;0.627093204;-0.630650749;0.329523022;0.518040845;0.672087278;0.245272168
0.748748749;0.62799142;-0.629238669;0.330269488;0.519214358;0.671867615;0.246344558
0.751471471;0.628891665;-0.627823401;0.331012636;0.520382655;0.671645403;0.247419173
0.754194194;0.629793929;-0.626404958;0.331752466;0.521545737;0.67142063;0.248495994
0.756916917;0.630698202;-0.624983356;0.332488979;0.522703603;0.671193286;0.249575006
0.75963964;0.631604476;-0.623558609;0.333222173;0.523856254;0.670963358;0.250656192
0.762362362;0.632512742;-0.622130731;0.333952051;0.525003689;0.670730835;0.251739535
0.765085085;0.633422991;-0.620699735;0.33467861;0.526145909;0.670495707;0.252825019
0.767807808;0.634335213;-0.619265636;0.335401853;0.527282912;0.670257963;0.253912627
0.770530531;0.6352494;-0.617828449;0.336121777;0.528414701;0.67001759;0.255002341
0.773253253;0.636165543;-0.616388188;0.336838384;0.529541273;0.669774578;0.256094146
0.775975976;0.637083632;-0.614944866;0.337551673;0.53066263;0.669528917;0.257188024
0.778698699;0.638003659;-0.613498498;0.338261645;0.531778772;0.669280595;0.258283958
0.781421421;0.638925615;-0.612049098;0.338968299;0.532889697;0.669029601;0.259381931
0.784144144;0.63984949;-0.610596681;0.339671635;0.533995407;0.668775925;0.260481926
0.786866867;0.640775275;-0.60914126;0.340371654;0.535095902;0.668519557;0.261583926
0.78958959;0.641702962;-0.60768285;0.341068355;0.536191181;0.668260485;0.262687914
0.792312312;0.642632541;-0.606221465;0.341761738;0.537281244;0.667998699;0.263793873
0.795035035;0.643564004;-0.604757119;0.342451804;0.538366092;0.667734189;0.264901784
0.797757758;0.644497341;-0.603289827;0.343138552;0.539445724;0.667466945;0.266011632
0.80048048;0.645432543;-0.601819602;0.343821983;0.54052014;0.667196955;0.267123398
0.803203203;0.646369602;-0.600346459;0.344502096;0.541589341;0.666924211;0.268237066
0.805925926;0.647308507;-0.598870411;0.345178891;0.542653326;0.666648701;0.269352617
0.808648649;0.648249251;-0.597391474;0.345852369;0.543712096;0.666370416;0.270470034
0.811371371;0.649191825;-0.595909661;0.346522529;0.54476565;0.666089346;0.271589299
0.814094094;0.650136218;-0.594424987;0.347189371;0.545813988;0.665805481;0.272710395
0.816816817;0.651082422;-0.592937466;0.347852896;0.546857111;0.665518811;0.273833305
0.81953954;0.652030429;-0.591447111;0.348513103;0.547895018;0.665229326;0.27495801
0.822262262;0.652980229;-0.589953938;0.349169993;0.54892771;0.664937017;0.276084493
0.824984985;0.653931812;-0.58845796;0.349823565;0.549955186;0.664641873;0.277212736
0.827707708;0.654885171;-0.586959192;0.350473819;0.550977446;0.664343887;0.27834272
0.83043043;0.655840295;-0.585457647;0.351120756;0.551994491;0.664043048;0.279474429
0.833153153;0.656797177;-0.583953341;0.351764375;0.55300632;0.663739346;0.280607844
0.835875876;0.657755806;-0.582446286;0.352404677;0.554012933;0.663432774;0.281742947
0.838598599;0.658716174;-0.580936498;0.35304166;0.555014331;0.66312332;0.28287972
0.841321321;0.659678272;-0.579423991;0.353675327;0.556010513;0.662810977;0.284018145
0.844044044;0.660642091;-0.577908778;0.354305675;0.55700148;0.662495736;0.285158204
0.846766767;0.661607621;-0.576390874;0.354932706;0.557987231;0.662177587;0.286299878
0.849489489;0.662574854;-0.574870294;0.355556419;0.558967766;0.661856521;0.28744315
0.852212212;0.663543781;-0.573347051;0.356176815;0.559943086;0.66153253;0.288588001
0.854934935;0.664514393;-0.571821159;0.356793893;0.56091319;0.661205606;0.289734413
0.857657658;0.66548668;-0.570292633;0.357407654;0.561878079;0.660875739;0.290882368
0.86038038;0.666460634;-0.568761487;0.358018097;0.562837752;0.660542922;0.292031846
0.863103103;0.667436245;-0.567227736;0.358625222;0.563792209;0.660207145;0.29318283
0.865825826;0.668413505;-0.565691392;0.359229029;0.564741451;0.659868401;0.294335301
0.868548549;0.669392404;-0.564152472;0.359829519;0.565685477;0.659526681;0.295489241
0.871271271;0.670372934;-0.562610988;0.360426692;0.566624288;0.659181977;0.29664463
0.873993994;0.671355085;-0.561066955;0.361020547;0.567557882;0.658834282;0.297801451
0.876716717;0.672338848;-0.559520387;0.361611084;0.568486262;0.658483586;0.298959685
0.879439439;0.673324215;-0.557971299;0.362198303;0.569409425;0.658129883;0.300119313
0.882162162;0.674311176;-0.556419704;0.362782205;0.570327373;0.657773165;0.301280316
0.884884885;0.675299723;-0.554865617;0.363362789;0.571240106;0.657413423;0.302442675
0.887607608;0.676289846;-0.553309052;0.363940056;0.572147623;0.657050651;0.303606373
0.89033033;0.677281536;-0.551750023;0.364514005;0.573049924;0.65668484;0.304771389
0.893053053;0.678274784;-0.550188544;0.365084636;0.573947009;0.656315985;0.305937705
0.895775776;0.679269581;-0.54862463;0.36565195;0.574838879;0.655944076;0.307105302
0.898498498;0.680265919;-0.547058295;0.366215946;0.575725534;0.655569107;0.308274162
0.901221221;0.681263787;-0.545489553;0.366776625;0.576606972;0.655191071;0.309444264
0.903943944;0.682263178;-0.543918418;0.367333985;0.577483196;0.654809961;0.310615591
0.906666667;0.683264081;-0.542344905;0.367888029;0.578354203;0.65442577;0.311788122
0.909389389;0.684266489;-0.540769027;0.368438754;0.579219995;0.654038492;0.31296184
0.912112112;0.685270391;-0.539190798;0.368986162;0.580080571;0.653648118;0.314136724
0.914834835;0.68627578;-0.537610234;0.369530253;0.580935932;0.653254644;0.315312755
0.917557558;0.687282645;-0.536027348;0.370071025;0.581786077;0.652858062;0.316489916
0.92028028;0.688290978;-0.534442155;0.37060848;0.582631006;0.652458366;0.317668185
0.923003003;0.68930077;-0.532854668;0.371142618;0.58347072;0.652055549;0.318847544
0.925725726;0.690312012;-0.531264901;0.371673438;0.584305219;0.651649606;0.320027974
0.928448448;0.691324695;-0.52967287;0.37220094;0.585134501;0.651240531;0.321209455
0.931171171;0.692338809;-0.528078588;0.372725125;0.585958568;0.650828316;0.322391968
0.933893894;0.693354346;-0.526482069;0.373245992;0.586777419;0.650412957;0.323575493
0.936616617;0.694371297;-0.524883328;0.373763541;0.587591055;0.649994448;0.324760011
0.939339339;0.695389652;-0.523282379;0.374277773;0.588399475;0.649572782;0.325945503
0.942062062;0.696409403;-0.521679236;0.374788687;0.58920268;0.649147955;0.327131949
0.944784785;0.69743054;-0.520073913;0.375296283;0.590000669;0.648719961;0.32831933
0.947507508;0.698453055;-0.518466424;0.375800562;0.590793442;0.648288794;0.329507626
0.95023023;0.699476939;-0.516856784;0.376301524;0.591581;0.647854449;0.330696817
0.952952953;0.700502182;-0.515245007;0.376799167;0.592363342;0.647416921;0.331886885
0.955675676;0.701528775;-0.513631107;0.377293493;0.593140468;0.646976205;0.333077808
0.958398398;0.70255671;-0.512015098;0.377784502;0.593912379;0.646532295;0.334269568
0.961121121;0.703585977;-0.510396994;0.378272192;0.594679074;0.646085188;0.335462145
0.963843844;0.704616568;-0.50877681;0.378756565;0.595440554;0.645634878;0.33665552
0.966566567;0.705648472;-0.50715456;0.379237621;0.596196818;0.645181361;0.337849672
0.969289289;0.706681682;-0.505530257;0.379715359;0.596947866;0.644724631;0.339044582
0.972012012;0.707716189;-0.503903917;0.380189779;0.597693699;0.644264686;0.34024023
0.974734735;0.708751982;-0.502275554;0.380660882;0.598434316;0.643801519;0.341436596
0.977457457;0.709789054;-0.500645181;0.381128667;0.599169718;0.643335128;0.34263366
0.98018018;0.710827394;-0.499012812;0.381593134;0.599899904;0.642865507;0.343831404
0.982902903;0.711866995;-0.497378463;0.382054284;0.600624874;0.642392654;0.345029806
0.985625626;0.712907847;-0.495742147;0.382512116;0.601344629;0.641916563;0.346228847
0.988348348;0.713949941;-0.494103878;0.382966631;0.602059168;0.641437232;0.347428507
0.991071071;0.714993268;-0.492463671;0.383417827;0.602768491;0.640954657;0.348628766
0.993793794;0.716037819;-0.49082154;0.383865707;0.603472599;0.640468833;0.349829605
0.996516517;0.717083585;-0.489177499;0.384310268;0.604171492;0.639979759;0.351031003
0.999239239;0.718130556;-0.487531562;0.384751512;0.604865168;0.639487429;0.35223294
1.001961962;0.719178725;-0.485883744;0.385189439;0.605553629;0.638991841;0.353435396
1.004684685;0.720228082;-0.484234058;0.385624048;0.606236875;0.638492993;0.354638352
1.007407407;0.721278617;-0.482582518;0.386055339;0.606914905;0.63799088;0.355841787
1.01013013;0.722330322;-0.48092914;0.386483312;0.607587719;0.6374855;0.357045682
1.012852853;0.723383188;-0.479273937;0.386907968;0.608255317;0.636976851;0.358250015
1.015575576;0.724437205;-0.477616924;0.387329306;0.6089177;0.636464929;0.359454769
1.018298298;0.725492365;-0.475958114;0.387747327;0.609574868;0.635949732;0.360659921
1.021021021;0.726548659;-0.474297522;0.38816203;0.610226819;0.635431258;0.361865452
1.023743744;0.727606077;-0.472635162;0.388573415;0.610873555;0.634909504;0.363071343
1.026466466;0.728664611;-0.470971048;0.388981483;0.611515076;0.634384468;0.364277572
1.029189189;0.729724252;-0.469305195;0.389386233;0.612151381;0.633856148;0.365484121
1.031911912;0.73078499;-0.467637616;0.389787666;0.61278247;0.633324542;0.366690968
1.034634635;0.731846816;-0.465968326;0.390185781;0.613408344;0.632789648;0.367898094
1.037357357;0.732909722;-0.464297339;0.390580578;0.614029002;0.632251465;0.369105478
1.04008008;0.733973698;-0.462624669;0.390972058;0.614644444;0.63170999;0.370313101
1.042802803;0.735038736;-0.460950331;0.39136022;0.615254671;0.631165223;0.371520942
1.045525526;0.736104826;-0.459274338;0.391745064;0.615859682;0.630617161;0.372728982
1.048248248;0.73717196;-0.457596705;0.392126591;0.616459478;0.630065804;0.373937199
1.050970971;0.738240127;-0.455917446;0.3925048;0.617054058;0.629511151;0.375145574
1.053693694;0.73930932;-0.454236576;0.392879692;0.617643422;0.628953199;0.376354087
1.056416416;0.740379529;-0.452554108;0.393251266;0.618227571;0.62839195;0.377562717
1.059139139;0.741450745;-0.450870056;0.393619522;0.618806504;0.627827401;0.378771445
1.061861862;0.74252296;-0.449184435;0.39398446;0.619380222;0.627259552;0.37998025
1.064584585;0.743596163;-0.44749726;0.394346082;0.619948723;0.626688402;0.381189111
1.067307307;0.744670347;-0.445808543;0.394704385;0.62051201;0.626113951;0.38239801
1.07003003;0.745745501;-0.4441183;0.395059371;0.62107008;0.625536199;0.383606926
1.072752753;0.746821618;-0.442426545;0.395411039;0.621622936;0.624955145;0.384815838
1.075475475;0.747898688;-0.440733291;0.395759389;0.622170575;0.624370789;0.386024726
1.078198198;0.748976701;-0.439038553;0.396104422;0.622712999;0.623783131;0.387233571
1.080920921;0.75005565;-0.437342346;0.396446138;0.623250207;0.623192172;0.388442352
1.083643644;0.751135524;-0.435644683;0.396784535;0.6237822;0.622597912;0.389651049
1.086366366;0.752216315;-0.433945579;0.397119615;0.624308977;0.622000351;0.390859641
1.089089089;0.753298014;-0.432245047;0.397451378;0.624830538;0.621399489;0.392068109
1.091811812;0.754380612;-0.430543103;0.397779823;0.625346884;0.620795327;0.393276433
1.094534535;0.755464099;-0.42883976;0.39810495;0.625858014;0.620187867;0.394484592
1.097257257;0.756548468;-0.427135032;0.398426759;0.626363929;0.619577108;0.395692567
1.09997998;0.757633708;-0.425428934;0.398745251;0.626864627;0.618963051;0.396900337
1.102702703;0.75871981;-0.42372148;0.399060425;0.627360111;0.618345699;0.398107881
1.105425425;0.759806766;-0.422012683;0.399372282;0.627850378;0.617725052;0.399315181
1.108148148;0.760894567;-0.420302559;0.399680821;0.628335431;0.617101111;0.400522216
1.110870871;0.761983203;-0.418591122;0.399986043;0.628815267;0.616473878;0.401728965
1.113593594;0.763072666;-0.416878385;0.400287946;0.629289888;0.615843354;0.402935409
1.116316316;0.764162947;-0.415164363;0.400586533;0.629759293;0.615209541;0.404141528
1.119039039;0.765254035;-0.41344907;0.400881801;0.630223483;0.614572442;0.405347302
1.121761762;0.766345924;-0.41173252;0.401173752;0.630682457;0.613932057;0.40655271
1.124484484;0.767438602;-0.410014728;0.401462385;0.631136215;0.61328839;0.407757733
1.127207207;0.768532062;-0.408295707;0.401747701;0.631584758;0.612641441;0.408962351
1.12992993;0.769626294;-0.406575472;0.402029699;0.632028085;0.611991214;0.410166544
1.132652653;0.77072129;-0.404854037;0.40230838;0.632466197;0.611337711;0.411370291
1.135375375;0.77181704;-0.403131416;0.402583742;0.632899093;0.610680934;0.412573573
1.138098098;0.772913535;-0.401407624;0.402855788;0.633326773;0.610020887;0.41377637
1.140820821;0.774010766;-0.399682675;0.403124515;0.633749238;0.609357571;0.414978662
1.143543544;0.775108724;-0.397956582;0.403389925;0.634166487;0.60869099;0.416180429
1.146266266;0.776207401;-0.396229361;0.403652017;0.63457852;0.608021147;0.417381651
1.148988989;0.777306786;-0.394501024;0.403910792;0.634985338;0.607348045;0.418582309
1.151711712;0.778406872;-0.392771587;0.404166249;0.63538694;0.606671688;0.419782383
1.154434434;0.779507648;-0.391041064;0.404418389;0.635783327;0.605992078;0.420981852
1.157157157;0.780609107;-0.389309469;0.40466721;0.636174498;0.605309219;0.422180698
1.15987988;0.781711239;-0.387576815;0.404912715;0.636560454;0.604623115;0.423378899
1.162602603;0.782814034;-0.385843118;0.405154901;0.636941193;0.60393377;0.424576438
1.165325325;0.783917485;-0.384108391;0.40539377;0.637316718;0.603241188;0.425773293
1.168048048;0.785021581;-0.382372649;0.405629321;0.637687026;0.602545372;0.426969446
1.170770771;0.786126314;-0.380635906;0.405861555;0.638052119;0.601846327;0.428164876
1.173493493;0.787231675;-0.378898176;0.406090471;0.638411996;0.601144056;0.429359564
1.176216216;0.788337654;-0.377159473;0.40631607;0.638766658;0.600438565;0.43055349
1.178938939;0.789444244;-0.375419812;0.40653835;0.639116104;0.599729858;0.431746636
1.181661662;0.790551434;-0.373679206;0.406757314;0.639460335;0.59901794;0.432938981
1.184384384;0.791659216;-0.37193767;0.406972959;0.63979935;0.598302814;0.434130505
1.187107107;0.79276758;-0.370195218;0.407185287;0.640133149;0.597584487;0.435321191
1.18982983;0.793876518;-0.368451865;0.407394297;0.640461733;0.596862963;0.436511017
1.192552553;0.79498602;-0.366707624;0.40759999;0.640785101;0.596138247;0.437699964
1.195275275;0.796096078;-0.364962509;0.407802365;0.641103253;0.595410344;0.438888014
1.197997998;0.797206683;-0.363216536;0.408001423;0.64141619;0.59467926;0.440075147
1.200720721;0.798317825;-0.361469717;0.408197162;0.641723911;0.593945;0.441261343
1.203443443;0.799429495;-0.359722068;0.408389585;0.642026417;0.59320757;0.442446584
1.206166166;0.800541685;-0.357973602;0.408578689;0.642323707;0.592466976;0.44363085
1.208888889;0.801654385;-0.356224334;0.408764476;0.642615781;0.591723222;0.444814122
1.211611612;0.802767587;-0.354474278;0.408946946;0.64290264;0.590976317;0.44599638
1.214334334;0.80388128;-0.352723447;0.409126097;0.643184283;0.590226264;0.447177607
1.217057057;0.804995457;-0.350971857;0.409301931;0.643460711;0.589473071;0.448357782
1.21977978;0.806110109;-0.349219522;0.409474448;0.643731923;0.588716744;0.449536886
1.222502503;0.807225225;-0.347466455;0.409643647;0.643997919;0.58795729;0.450714902
1.225225225;0.808340798;-0.345712671;0.409809528;0.6442587;0.587194714;0.451891809
1.227947948;0.809456818;-0.343958184;0.409972091;0.644514265;0.586429024;0.453067589
1.230670671;0.810573275;-0.342203009;0.410131337;0.644764614;0.585660226;0.454242223
1.233393393;0.811690162;-0.340447158;0.410287266;0.645009748;0.584888327;0.455415692
1.236116116;0.812807469;-0.338690648;0.410439876;0.645249666;0.584113335;0.456587978
1.238838839;0.813925187;-0.336933491;0.41058917;0.645484369;0.583335256;0.457759061
1.241561562;0.815043307;-0.335175703;0.410735145;0.645713856;0.582554098;0.458928923
1.244284284;0.81616182;-0.333417296;0.410877803;0.645938127;0.581769868;0.460097546
1.247007007;0.817280717;-0.331658287;0.411017143;0.646157183;0.580982573;0.461264911
1.24972973;0.818399989;-0.329898687;0.411153166;0.646371023;0.580192222;0.462430999
1.252452452;0.819519626;-0.328138513;0.411285871;0.646579648;0.579398822;0.463595791
1.255175175;0.82063962;-0.326377778;0.411415258;0.646783057;0.57860238;0.464759271
1.257897898;0.821759962;-0.324616496;0.411541328;0.64698125;0.577802906;0.465921418
1.260620621;0.822880643;-0.322854682;0.41166408;0.647174228;0.577000406;0.467082215
1.263343343;0.824001654;-0.321092349;0.411783514;0.64736199;0.57619489;0.468241644
1.266066066;0.825122985;-0.319329512;0.411899631;0.647544536;0.575386365;0.469399686
1.268788789;0.826244628;-0.317566185;0.41201243;0.647721867;0.574574839;0.470556322
1.271511512;0.827366573;-0.315802383;0.412121912;0.647893982;0.573760323;0.471711536
1.274234234;0.828488812;-0.314038119;0.412228076;0.648060882;0.572942823;0.472865309
1.276956957;0.829611336;-0.312273407;0.412330922;0.648222566;0.57212235;0.474017623
1.27967968;0.830734135;-0.310508263;0.412430451;0.648379035;0.571298911;0.47516846
1.282402402;0.8318572;-0.308742699;0.412526662;0.648530287;0.570472517;0.476317802
1.285125125;0.832980523;-0.306976731;0.412619556;0.648676325;0.569643175;0.477465631
1.287847848;0.834104094;-0.305210372;0.412709131;0.648817146;0.568810895;0.47861193
1.290570571;0.835227905;-0.303443637;0.41279539;0.648952752;0.567975688;0.479756681
1.293293293;0.836351946;-0.30167654;0.41287833;0.649083142;0.567137561;0.480899866
1.296016016;0.837476208;-0.299909095;0.412957953;0.649208317;0.566296526;0.482041467
1.298738739;0.838600683;-0.298141317;0.413034259;0.649328276;0.56545259;0.483181468
1.301461461;0.839725361;-0.296373218;0.413107246;0.64944302;0.564605765;0.48431985
1.304184184;0.840850233;-0.294604815;0.413176916;0.649552548;0.563756061;0.485456596
1.306906907;0.84197529;-0.29283612;0.413243269;0.64965686;0.562903486;0.48659169
1.30962963;0.843100524;-0.291067149;0.413306304;0.649755957;0.562048052;0.487725113
1.312352352;0.844225924;-0.289297914;0.413366021;0.649849838;0.561189769;0.488856848
1.315075075;0.845351483;-0.287528431;0.413422421;0.649938503;0.560328647;0.489986879
1.317797798;0.84647719;-0.285758714;0.413475503;0.650021953;0.559464697;0.491115188
1.320520521;0.847603038;-0.283988777;0.413525267;0.650100187;0.558597929;0.492241758
1.323243243;0.848729017;-0.282218634;0.413571714;0.650173206;0.557728353;0.493366572
1.325965966;0.849855117;-0.280448299;0.413614843;0.650241009;0.556855982;0.494489614
1.328688689;0.850981331;-0.278677787;0.413654654;0.650303596;0.555980826;0.495610867
1.331411411;0.852107648;-0.276907111;0.413691148;0.650360968;0.555102895;0.496730313
1.334134134;0.85323406;-0.275136286;0.413724324;0.650413124;0.554222201;0.497847936
1.336856857;0.854360558;-0.273365327;0.413754183;0.650460064;0.553338755;0.498963721
1.33957958;0.855487133;-0.271594246;0.413780724;0.650501789;0.552452569;0.500077649
1.342302302;0.856613776;-0.269823059;0.413803947;0.650538299;0.551563655;0.501189705
1.345025025;0.857740477;-0.26805178;0.413823853;0.650569592;0.550672022;0.502299872
1.347747748;0.858867228;-0.266280423;0.413840441;0.65059567;0.549777685;0.503408134
1.35047047;0.859994019;-0.264509002;0.413853712;0.650616533;0.548880653;0.504514476
1.353193193;0.861120843;-0.262737531;0.413863665;0.65063218;0.54798094;0.505618879
1.355915916;0.862247688;-0.260966024;0.4138703;0.650642611;0.547078556;0.50672133
1.358638639;0.863374548;-0.259194497;0.413873617;0.650647827;0.546173515;0.50782181
1.361361361;0.864501412;-0.257422962;0.413873617;0.650647827;0.545265829;0.508920306
1.364084084;0.865628271;-0.255651434;0.4138703;0.650642611;0.544355509;0.5100168
1.366806807;0.866755117;-0.253879928;0.413863665;0.65063218;0.543442569;0.511111278
1.36952953;0.86788194;-0.252108457;0.413853712;0.650616533;0.54252702;0.512203722
1.372252252;0.869008732;-0.250337036;0.413840441;0.65059567;0.541608876;0.513294119
1.374974975;0.870135483;-0.248565678;0.413823853;0.650569592;0.540688149;0.514382451
1.377697698;0.871262184;-0.246794399;0.413803947;0.650538299;0.539764852;0.515468705
1.38042042;0.872388826;-0.245023212;0.413780724;0.650501789;0.538838998;0.516552864
1.383143143;0.873515401;-0.243252132;0.413754183;0.650460064;0.5379106;0.517634913
1.385865866;0.874641899;-0.241481172;0.413724324;0.650413124;0.536979672;0.518714837
1.388588589;0.875768311;-0.239710347;0.413691148;0.650360968;0.536046225;0.519792621
1.391311311;0.876894629;-0.237939672;0.413654654;0.650303596;0.535110275;0.520868249
1.394034034;0.878020842;-0.236169159;0.413614843;0.650241009;0.534171834;0.521941708
1.396756757;0.879146943;-0.234398825;0.413571714;0.650173206;0.533230916;0.523012981
1.399479479;0.880272921;-0.232628681;0.413525267;0.650100187;0.532287534;0.524082055
1.402202202;0.881398769;-0.230858744;0.413475503;0.650021953;0.531341703;0.525148914
1.404924925;0.882524477;-0.229089027;0.413422421;0.649938503;0.530393435;0.526213544
1.407647648;0.883650035;-0.227319544;0.413366021;0.649849838;0.529442746;0.52727593
1.41037037;0.884775436;-0.22555031;0.413306304;0.649755957;0.528489649;0.528336058
1.413093093;0.885900669;-0.223781338;0.413243269;0.64965686;0.527534158;0.529393914
1.415815816;0.887025726;-0.222012644;0.413176916;0.649552548;0.526576287;0.530449483
1.418538539;0.888150599;-0.22024424;0.413107246;0.64944302;0.525616051;0.531502752
1.421261261;0.889275276;-0.218476142;0.413034259;0.649328276;0.524653464;0.532553705
1.423983984;0.890399751;-0.216708363;0.412957953;0.649208317;0.523688541;0.53360233
1.426706707;0.891524013;-0.214940918;0.41287833;0.649083142;0.522721297;0.534648611
1.429429429;0.892648054;-0.213173821;0.41279539;0.648952752;0.521751745;0.535692536
1.432152152;0.893771865;-0.211407086;0.412709131;0.648817146;0.520779901;0.536734091
1.434874875;0.894895437;-0.209640727;0.412619556;0.648676325;0.51980578;0.537773262
1.437597598;0.896018759;-0.207874759;0.412526662;0.648530287;0.518829396;0.538810036
1.44032032;0.897141825;-0.206109196;0.412430451;0.648379035;0.517850766;0.539844398
1.443043043;0.898264624;-0.204344051;0.412330922;0.648222566;0.516869903;0.540876336
1.445765766;0.899387147;-0.20257934;0.412228076;0.648060882;0.515886823;0.541905837
1.448488488;0.900509386;-0.200815076;0.412121912;0.647893982;0.514901541;0.542932887
1.451211211;0.901631332;-0.199051273;0.41201243;0.647721867;0.513914074;0.543957474
1.453933934;0.902752975;-0.197287947;0.411899631;0.647544536;0.512924436;0.544979583
1.456656657;0.903874306;-0.19552511;0.411783514;0.64736199;0.511932642;0.545999204
1.459379379;0.904995316;-0.193762777;0.41166408;0.647174228;0.51093871;0.547016322
1.462102102;0.906115997;-0.192000962;0.411541328;0.64698125;0.509942654;0.548030924
1.464824825;0.907236339;-0.190239681;0.411415258;0.646783057;0.50894449;0.549043
1.467547548;0.908356333;-0.188478945;0.411285871;0.646579648;0.507944234;0.550052535
1.47027027;0.909475971;-0.186718771;0.411153166;0.646371023;0.506941903;0.551059518
1.472992993;0.910595243;-0.184959172;0.411017143;0.646157183;0.505937512;0.552063937
1.475715716;0.911714139;-0.183200162;0.410877803;0.645938127;0.504931077;0.553065778
1.478438438;0.912832652;-0.181441756;0.410735145;0.645713856;0.503922615;0.554065031
1.481161161;0.913950772;-0.179683967;0.41058917;0.645484369;0.502912142;0.555061682
1.483883884;0.91506849;-0.177926811;0.410439876;0.645249666;0.501899675;0.556055721
1.486606607;0.916185797;-0.1761703;0.410287266;0.645009748;0.50088523;0.557047135
1.489329329;0.917302684;-0.17441445;0.410131337;0.644764614;0.499868824;0.558035913
1.492052052;0.918419142;-0.172659274;0.409972091;0.644514265;0.498850473;0.559022044
1.494774775;0.919535162;-0.170904787;0.409809528;0.6442587;0.497830194;0.560005514
1.497497497;0.920650734;-0.169151004;0.409643647;0.643997919;0.496808004;0.560986315
1.50022022;0.921765851;-0.167397937;0.409474448;0.643731923;0.495783919;0.561964433
1.502942943;0.922880502;-0.165645601;0.409301931;0.643460711;0.494757958;0.562939858
1.505665666;0.923994679;-0.163894011;0.409126097;0.643184283;0.493730136;0.563912579
1.508388388;0.925108373;-0.162143181;0.408946946;0.64290264;0.492700471;0.564882586
1.511111111;0.926221574;-0.160393125;0.408764476;0.642615781;0.49166898;0.565849866
1.513833834;0.927334275;-0.158643857;0.408578689;0.642323707;0.490635681;0.566814409
1.516556557;0.928446464;-0.156895391;0.408389585;0.642026417;0.489600591;0.567776205
1.519279279;0.929558135;-0.155147741;0.408197162;0.641723911;0.488563727;0.568735243
1.522002002;0.930669277;-0.153400923;0.408001423;0.64141619;0.487525106;0.569691513
1.524724725;0.931779881;-0.151654949;0.407802365;0.641103253;0.486484747;0.570645005
1.527447447;0.932889939;-0.149909835;0.40759999;0.640785101;0.485442666;0.571595707
1.53017017;0.933999442;-0.148165594;0.407394297;0.640461733;0.484398882;0.572543611
1.532892893;0.93510838;-0.14642224;0.407185287;0.640133149;0.483353413;0.573488706
1.535615616;0.936216744;-0.144679788;0.406972959;0.63979935;0.482306276;0.574430981
1.538338338;0.937324526;-0.142938252;0.406757314;0.639460335;0.481257489;0.575370429
1.541061061;0.938431716;-0.141197647;0.40653835;0.639116104;0.48020707;0.576307038
1.543783784;0.939538305;-0.139457985;0.40631607;0.638766658;0.479155037;0.577240799
1.546506507;0.940644285;-0.137719282;0.406090471;0.638411996;0.478101408;0.578171703
1.549229229;0.941749646;-0.135981552;0.405861555;0.638052119;0.477046202;0.57909974
1.551951952;0.942854379;-0.134244809;0.405629321;0.637687026;0.475989436;0.580024902
1.554674675;0.943958475;-0.132509067;0.40539377;0.637316718;0.47493113;0.580947178
1.557397397;0.945061925;-0.13077434;0.405154901;0.636941193;0.473871301;0.58186656
1.56012012;0.946164721;-0.129040643;0.404912715;0.636560454;0.472809967;0.58278304
1.562842843;0.947266852;-0.12730799;0.40466721;0.636174498;0.471747148;0.583696608
1.565565566;0.948368311;-0.125576395;0.404418389;0.635783327;0.470682861;0.584607255
1.568288288;0.949469088;-0.123845871;0.404166249;0.63538694;0.469617126;0.585514973
1.571011011;0.950569173;-0.122116434;0.403910792;0.634985338;0.468549961;0.586419754
1.573733734;0.951668559;-0.120388098;0.403652017;0.63457852;0.467481385;0.587321589
1.576456456;0.952767235;-0.118660876;0.403389925;0.634166487;0.466411416;0.58822047
1.579179179;0.953865194;-0.116934784;0.403124515;0.633749238;0.465340074;0.589116389
1.581901902;0.954962425;-0.115209834;0.402855788;0.633326773;0.464267377;0.590009338
1.584624625;0.95605892;-0.113486042;0.402583742;0.632899093;0.463193345;0.590899309
1.587347347;0.95715467;-0.111763421;0.40230838;0.632466197;0.462117995;0.591786293
1.59007007;0.958249665;-0.110041987;0.402029699;0.632028085;0.461041348;0.592670285
1.592792793;0.959343897;-0.108321752;0.401747701;0.631584758;0.459963423;0.593551275
1.595515516;0.960437357;-0.106602731;0.401462385;0.631136215;0.458884238;0.594429256
1.598238238;0.961530036;-0.104884939;0.401173752;0.630682457;0.457803812;0.595304222
1.600960961;0.962621924;-0.103168389;0.400881801;0.630223483;0.456722166;0.596176164
1.603683684;0.963713013;-0.101453096;0.400586533;0.629759293;0.455639319;0.597045076
1.606406406;0.964803293;-0.099739074;0.400287946;0.629289888;0.454555289;0.597910951
1.609129129;0.965892756;-0.098026337;0.399986043;0.628815267;0.453470097;0.598773782
1.611851852;0.966981392;-0.096314899;0.399680821;0.628335431;0.452383761;0.599633562
1.614574575;0.968069193;-0.094604775;0.399372282;0.627850378;0.451296302;0.600490284
1.617297297;0.969156149;-0.092895979;0.399060425;0.627360111;0.450207738;0.601343943
1.62002002;0.970242252;-0.091188525;0.398745251;0.626864627;0.44911809;0.602194531
1.622742743;0.971327492;-0.089482427;0.398426759;0.626363929;0.448027377;0.603042041
1.625465465;0.97241186;-0.087777699;0.39810495;0.625858014;0.446935619;0.603886469
1.628188188;0.973495348;-0.086074356;0.397779823;0.625346884;0.445842835;0.604727808
1.630910911;0.974577945;-0.084372411;0.397451378;0.624830538;0.444749045;0.605566052
1.633633634;0.975659644;-0.08267188;0.397119615;0.624308977;0.44365427;0.606401195
1.636356356;0.976740436;-0.080972775;0.396784535;0.6237822;0.442558529;0.607233231
1.639079079;0.97782031;-0.079275113;0.396446138;0.623250207;0.441461842;0.608062155
1.641801802;0.978899258;-0.077578905;0.396104422;0.622712999;0.440364229;0.608887961
1.644524525;0.979977272;-0.075884168;0.395759389;0.622170575;0.43926571;0.609710644
1.647247247;0.981054342;-0.074190914;0.395411039;0.621622936;0.438166305;0.610530198
1.64996997;0.982130458;-0.072499159;0.395059371;0.62107008;0.437066034;0.611346619
1.652692693;0.983205613;-0.070808916;0.394704385;0.62051201;0.435964917;0.612159901
1.655415415;0.984279796;-0.069120199;0.394346082;0.619948723;0.434862974;0.61297004
1.658138138;0.985353;-0.067433023;0.39398446;0.619380222;0.433760226;0.61377703
1.660860861;0.986425214;-0.065747403;0.393619522;0.618806504;0.432656693;0.614580868
1.663583584;0.98749643;-0.064063351;0.393251266;0.618227571;0.431552395;0.615381547
1.666306306;0.98856664;-0.062380883;0.392879692;0.617643422;0.430447352;0.616179065
1.669029029;0.989635832;-0.060700012;0.3925048;0.617054058;0.429341585;0.616973416
1.671751752;0.990704;-0.059020753;0.392126591;0.616459478;0.428235114;0.617764596
1.674474474;0.991771133;-0.05734312;0.391745064;0.615859682;0.427127959;0.618552602
1.677197197;0.992837223;-0.055667128;0.39136022;0.615254671;0.426020141;0.619337428
1.67991992;0.993902261;-0.053992789;0.390972058;0.614644444;0.424911681;0.620119072
1.682642643;0.994966237;-0.05232012;0.390580578;0.614029002;0.423802598;0.62089753
1.685365365;0.996029143;-0.050649133;0.390185781;0.613408344;0.422692914;0.621672797
1.688088088;0.99709097;-0.048979843;0.389787666;0.61278247;0.421582648;0.622444871
1.690810811;0.998151708;-0.047312264;0.389386233;0.612151381;0.420471822;0.623213748
1.693533534;0.999211348;-0.045646411;0.388981483;0.611515076;0.419360457;0.623979424
1.696256256;1.000269882;-0.043982297;0.388573415;0.610873555;0.418248571;0.624741897
1.698978979;1.001327301;-0.042319937;0.38816203;0.610226819;0.417136187;0.625501163
1.701701702;1.002383594;-0.040659345;0.387747327;0.609574868;0.416023326;0.626257219
1.704424424;1.003438754;-0.039000535;0.387329306;0.6089177;0.414910006;0.627010063
1.707147147;1.004492772;-0.037343521;0.386907968;0.608255317;0.413796251;0.627759692
1.70986987;1.005545638;-0.035688318;0.386483312;0.607587719;0.412682079;0.628506103
1.712592593;1.006597343;-0.03403494;0.386055339;0.606914905;0.411567513;0.629249294
1.715315315;1.007647878;-0.032383401;0.385624048;0.606236875;0.410452572;0.629989262
1.718038038;1.008697234;-0.030733715;0.385189439;0.605553629;0.409337278;0.630726005
1.720760761;1.009745403;-0.029085896;0.384751512;0.604865168;0.408221651;0.631459521
1.723483483;1.010792375;-0.02743996;0.384310268;0.604171492;0.407105712;0.632189808
1.726206206;1.011838141;-0.025795918;0.383865707;0.603472599;0.405989483;0.632916864
1.728928929;1.012882691;-0.024153787;0.383417827;0.602768491;0.404872984;0.633640688
1.731651652;1.013926018;-0.02251358;0.382966631;0.602059168;0.403756235;0.634361276
1.734374374;1.014968112;-0.020875311;0.382512116;0.601344629;0.402639259;0.635078629
1.737097097;1.016008964;-0.019238995;0.382054284;0.600624874;0.401522075;0.635792743
1.73981982;1.017048565;-0.017604646;0.381593134;0.599899904;0.400404705;0.636503619
1.742542543;1.018086906;-0.015972278;0.381128667;0.599169718;0.39928717;0.637211255
1.745265265;1.019123977;-0.014341905;0.380660882;0.598434316;0.398169491;0.637915649
1.747987988;1.020159771;-0.012713541;0.380189779;0.597693699;0.397051688;0.638616802
1.750710711;1.021194277;-0.011087201;0.379715359;0.596947866;0.395933783;0.63931471
1.753433433;1.022227487;-0.009462899;0.379237621;0.596196818;0.394815797;0.640009375
1.756156156;1.023259392;-0.007840649;0.378756565;0.595440554;0.39369775;0.640700796
1.758878879;1.024289982;-0.006220465;0.378272192;0.594679074;0.392579664;0.641388971
1.761601602;1.025319249;-0.004602361;0.377784502;0.593912379;0.391461561;0.6420739
1.764324324;1.026347184;-0.002986352;0.377293493;0.593140468;0.39034346;0.642755583
1.767047047;1.027373778;-0.001372452;0.376799167;0.592363342;0.389225383;0.64343402
1.76976977;1.028399021;0.000239326;0.376301524;0.591581;0.388107351;0.644109211
1.772492492;1.029422904;0.001848966;0.375800562;0.590793442;0.386989386;0.644781155
1.775215215;1.030445419;0.003456454;0.375296283;0.590000669;0.385871508;0.645449854
1.777937938;1.031466556;0.005061777;0.374788687;0.58920268;0.384753738;0.646115306
1.780660661;1.032486307;0.006664921;0.374277773;0.588399475;0.383636098;0.646777512
1.783383383;1.033504663;0.00826587;0.373763541;0.587591055;0.382518608;0.647436474
1.786106106;1.034521613;0.009864611;0.373245992;0.586777419;0.38140129;0.64809219
1.788828829;1.03553715;0.01146113;0.372725125;0.585958568;0.380284164;0.648744663
1.791551552;1.036551265;0.013055412;0.37220094;0.585134501;0.379167253;0.649393893
1.794274274;1.037563947;0.014647443;0.371673438;0.584305219;0.378050577;0.65003988
1.796996997;1.038575189;0.016237209;0.371142618;0.58347072;0.376934157;0.650682626
1.79971972;1.039584981;0.017824696;0.37060848;0.582631006;0.375818014;0.651322131
1.802442442;1.040593314;0.01940989;0.370071025;0.581786077;0.37470217;0.651958398
1.805165165;1.04160018;0.020992776;0.369530253;0.580935932;0.373586645;0.652591427
1.807887888;1.042605568;0.02257334;0.368986162;0.580080571;0.372471461;0.653221219
1.810610611;1.043609471;0.024151568;0.368438754;0.579219995;0.371356638;0.653847777
1.813333333;1.044611878;0.025727446;0.367888029;0.578354203;0.370242199;0.654471102
1.816056056;1.045612782;0.02730096;0.367333985;0.577483196;0.369128163;0.655091196
1.818778779;1.046612172;0.028872095;0.366776625;0.576606972;0.368014553;0.65570806
1.821501502;1.047610041;0.030440837;0.366215946;0.575725534;0.366901389;0.656321697
1.824224224;1.048606378;0.032007172;0.36565195;0.574838879;0.365788692;0.656932108
1.826946947;1.049601176;0.033571086;0.365084636;0.573947009;0.364676484;0.657539296
1.82966967;1.050594424;0.035132564;0.364514005;0.573049924;0.363564785;0.658143263
1.832392392;1.051586114;0.036691593;0.363940056;0.572147623;0.362453616;0.658744012
1.835115115;1.052576237;0.038248158;0.363362789;0.571240106;0.361343;0.659341544
1.837837838;1.053564783;0.039802245;0.362782205;0.570327373;0.360232956;0.659935863
1.840560561;1.054551744;0.04135384;0.362198303;0.569409425;0.359123506;0.660526971
1.843283283;1.055537111;0.042902928;0.361611084;0.568486262;0.35801467;0.661114872
1.846006006;1.056520875;0.044449496;0.361020547;0.567557882;0.356906471;0.661699567
1.848728729;1.057503026;0.045993529;0.360426692;0.566624288;0.355798928;0.66228106
1.851451451;1.058483555;0.047535013;0.359829519;0.565685477;0.354692064;0.662859355
1.854174174;1.059462455;0.049073934;0.359229029;0.564741451;0.353585898;0.663434453
1.856896897;1.060439715;0.050610277;0.358625222;0.563792209;0.352480452;0.66400636
1.85961962;1.061415326;0.052144029;0.358018097;0.562837752;0.351375747;0.664575077
1.862342342;1.06238928;0.053675175;0.357407654;0.561878079;0.350271804;0.665140609
1.865065065;1.063361567;0.0552037;0.356793893;0.56091319;0.349168644;0.665702959
1.867787788;1.064332178;0.056729592;0.356176815;0.559943086;0.348066287;0.666262131
1.870510511;1.065301105;0.058252835;0.355556419;0.558967766;0.346964755;0.666818129
1.873233233;1.066268338;0.059773416;0.354932706;0.557987231;0.345864069;0.667370957
1.875955956;1.067233869;0.06129132;0.354305675;0.55700148;0.344764249;0.667920618
1.878678679;1.068197688;0.062806532;0.353675327;0.556010513;0.343665317;0.668467118
1.881401401;1.069159785;0.06431904;0.35304166;0.555014331;0.342567293;0.669010459
1.884124124;1.070120154;0.065828828;0.352404677;0.554012933;0.341470197;0.669550647
1.886846847;1.071078783;0.067335882;0.351764375;0.55300632;0.340374052;0.670087685
1.88956957;1.072035664;0.068840189;0.351120756;0.551994491;0.339278878;0.670621579
1.892292292;1.072990789;0.070341733;0.350473819;0.550977446;0.338184695;0.671152332
1.895015015;1.073944147;0.071840502;0.349823565;0.549955186;0.337091524;0.671679951
1.897737738;1.074895731;0.07333648;0.349169993;0.54892771;0.335999386;0.672204438
1.90046046;1.075845531;0.074829653;0.348513103;0.547895018;0.334908302;0.6727258
1.903183183;1.076793537;0.076320007;0.347852896;0.546857111;0.333818292;0.673244042
1.905905906;1.077739741;0.077807529;0.347189371;0.545813988;0.332729377;0.673759168
1.908628629;1.078684135;0.079292203;0.346522529;0.54476565;0.331641579;0.674271183
1.911351351;1.079626708;0.080774016;0.345852369;0.543712096;0.330554916;0.674780093
1.914074074;1.080567452;0.082252953;0.345178891;0.542653326;0.329469411;0.675285903
1.916796797;1.081506358;0.083729;0.344502096;0.541589341;0.328385083;0.675788619
1.91951952;1.082443416;0.085202143;0.343821983;0.54052014;0.327301954;0.676288246
1.922242242;1.083378619;0.086672368;0.343138552;0.539445724;0.326220043;0.67678479
1.924964965;1.084311956;0.088139661;0.342451804;0.538366092;0.325139371;0.677278257
1.927687688;1.085243418;0.089604007;0.341761738;0.537281244;0.324059959;0.677768651
1.93041041;1.086172997;0.091065392;0.341068355;0.536191181;0.322981828;0.67825598
1.933133133;1.087100684;0.092523802;0.340371654;0.535095902;0.321904997;0.67874025
1.935855856;1.08802647;0.093979222;0.339671635;0.533995407;0.320829487;0.679221465
1.938578579;1.088950345;0.09543164;0.338968299;0.532889697;0.319755319;0.679699634
1.941301301;1.0898723;0.096881039;0.338261645;0.531778772;0.318682512;0.680174761
1.944024024;1.090792327;0.098327407;0.337551673;0.53066263;0.317611088;0.680646853
1.946746747;1.091710416;0.099770729;0.336838384;0.529541273;0.316541066;0.681115916
1.949469469;1.092626559;0.101210991;0.336121777;0.528414701;0.315472467;0.681581958
1.952192192;1.093540746;0.102648178;0.335401853;0.527282912;0.31440531;0.682044984
1.954914915;1.094452969;0.104082276;0.33467861;0.526145909;0.313339617;0.682505002
1.957637638;1.095363217;0.105513272;0.333952051;0.525003689;0.312275408;0.682962017
1.96036036;1.096271483;0.106941151;0.333222173;0.523856254;0.311212702;0.683416038
1.963083083;1.097177757;0.108365898;0.332488979;0.522703603;0.310151519;0.68386707
1.965805806;1.098082031;0.1097875;0.331752466;0.521545737;0.30909188;0.684315121
1.968528529;1.098984294;0.111205942;0.331012636;0.520382655;0.308033806;0.684760199
1.971251251;1.099884539;0.11262121;0.330269488;0.519214358;0.306977314;0.685202309
1.973973974;1.100782756;0.114033291;0.329523022;0.518040845;0.305922427;0.68564146
1.976696697;1.101678936;0.115442169;0.328773239;0.516862116;0.304869164;0.686077659
1.979419419;1.10257307;0.11684783;0.328020139;0.515678172;0.303817544;0.686510912
1.982142142;1.103465148;0.118250261;0.32726372;0.514489012;0.302767588;0.686941229
1.984864865;1.104355163;0.119649448;0.326503984;0.513294636;0.301719316;0.687368615
1.987587588;1.105243105;0.121045375;0.325740931;0.512095045;0.300672746;0.68779308
1.99031031;1.106128965;0.122438028;0.32497456;0.510890238;0.2996279;0.68821463
1.993033033;1.107012733;0.123827395;0.324204871;0.509680216;0.298584797;0.688633273
1.995755756;1.107894402;0.12521346;0.323431864;0.508464978;0.297543457;0.689049018
1.998478478;1.108773961;0.126596208;0.32265554;0.507244524;0.296503898;0.689461872
2.001201201;1.109651402;0.127975627;0.321875899;0.506018855;0.295466142;0.689871843
2.003923924;1.110526715;0.129351702;0.321092939;0.50478797;0.294430207;0.690278939
2.006646647;1.111399893;0.130724418;0.320306662;0.503551869;0.293396113;0.690683169
2.009369369;1.112270925;0.132093761;0.319517068;0.502310553;0.29236388;0.69108454
2.012092092;1.113139803;0.133459718;0.318724156;0.501064022;0.291333527;0.691483062
2.014814815;1.114006517;0.134822273;0.317927926;0.499812274;0.290305074;0.691878742
2.017537538;1.114871059;0.136181414;0.317128379;0.498555311;0.28927854;0.692271589
2.02026026;1.115733419;0.137537124;0.316325513;0.497293133;0.288253944;0.692661611
2.022982983;1.116593589;0.138889391;0.315519331;0.496025739;0.287231306;0.693048818
2.025705706;1.117451559;0.140238201;0.31470983;0.494753129;0.286210645;0.693433217
2.028428428;1.118307321;0.141583538;0.313897013;0.493475303;0.285191981;0.693814817
2.031151151;1.119160865;0.142925389;0.313080877;0.492192262;0.284175332;0.694193628
2.033873874;1.120012183;0.144263739;0.312261424;0.490904006;0.283160718;0.694569657
2.036596597;1.120861265;0.145598575;0.311438653;0.489610534;0.282148158;0.694942915
2.039319319;1.121708102;0.146929882;0.310612565;0.488311846;0.281137671;0.695313409
2.042042042;1.122552686;0.148257646;0.309783159;0.487007942;0.280129276;0.695681149
2.044764765;1.123395007;0.149581852;0.308950435;0.485698823;0.279122992;0.696046145
2.047487487;1.124235056;0.150902488;0.308114394;0.484384489;0.278118839;0.696408405
2.05021021;1.125072824;0.152219537;0.307275035;0.483064938;0.277116835;0.696767938
2.052932933;1.125908302;0.153532987;0.306432358;0.481740172;0.276116998;0.697124754
2.055655656;1.126741481;0.154842822;0.305586364;0.480410191;0.275119349;0.697478862
2.058378378;1.127572353;0.156149029;0.304737052;0.479074994;0.274123905;0.697830272
2.061101101;1.128400907;0.157451594;0.303884423;0.477734581;0.273130686;0.698178993
2.063823824;1.129227136;0.158750502;0.303028476;0.476388953;0.27213971;0.698525035
2.066546547;1.130051029;0.160045739;0.302169211;0.475038109;0.271150997;0.698868406
2.069269269;1.130872579;0.161337292;0.301306629;0.473682049;0.270164563;0.699209118
2.071991992;1.131691775;0.162625144;0.300440729;0.472320774;0.269180429;0.699547179
2.074714715;1.132508609;0.163909284;0.299571511;0.470954283;0.268198613;0.6998826
2.077437437;1.133323072;0.165189696;0.298698976;0.469582576;0.267219133;0.700215389
2.08016016;1.134135155;0.166466365;0.297823123;0.468205654;0.266242008;0.700545558
2.082882883;1.134944849;0.167739279;0.296943953;0.466823517;0.265267256;0.700873116
2.085605606;1.135752144;0.169008423;0.296061465;0.465436163;0.264294896;0.701198073
2.088328328;1.136557033;0.170273782;0.295175659;0.464043595;0.263324945;0.701520438
2.091051051;1.137359504;0.171535342;0.294286536;0.46264581;0.262357423;0.701840223
2.093773774;1.138159551;0.172793089;0.293394095;0.46124281;0.261392348;0.702157437
2.096496496;1.138957163;0.17404701;0.292498337;0.459834594;0.260429737;0.70247209
2.099219219;1.139752332;0.175297089;0.29159926;0.458421163;0.25946961;0.702784193
2.101941942;1.140545048;0.176543313;0.290696867;0.457002516;0.258511983;0.703093755
2.104664665;1.141335302;0.177785666;0.289791155;0.455578653;0.257556875;0.703400788
2.107387387;1.142123087;0.179024136;0.288882126;0.454149575;0.256604305;0.703705302
2.11011011;1.142908391;0.180258708;0.28796978;0.452715281;0.25565429;0.704007306
2.112832833;1.143691207;0.181489368;0.287054115;0.451275772;0.254706848;0.704306812
2.115555556;1.144471526;0.182716101;0.286135133;0.449831047;0.253761997;0.70460383
2.118278278;1.145249338;0.183938894;0.285212834;0.448381106;0.252819755;0.70489837
2.121001001;1.146024634;0.185157731;0.284287217;0.44692595;0.25188014;0.705190444
2.123723724;1.146797405;0.1863726;0.283358282;0.445465578;0.250943169;0.705480061
2.126446446;1.147567643;0.187583485;0.28242603;0.443999991;0.250008861;0.705767232
2.129169169;1.148335338;0.188790373;0.281490459;0.442529187;0.249077232;0.706051969
2.131891892;1.149100481;0.189993249;0.280551572;0.441053169;0.248148301;0.706334282
2.134614615;1.149863063;0.191192099;0.279609367;0.439571934;0.247222085;0.706614181
2.137337337;1.150623075;0.192386909;0.278663844;0.438085484;0.246298601;0.706891678
2.14006006;1.151380509;0.193577665;0.277715003;0.436593819;0.245377868;0.707166783
2.142782783;1.152135354;0.194764352;0.276762845;0.435096938;0.244459902;0.707439507
2.145505506;1.152887603;0.195946957;0.275807369;0.433594841;0.243544721;0.707709862
2.148228228;1.153637245;0.197125465;0.274848576;0.432087529;0.242632343;0.707977858
2.150950951;1.154384273;0.198299861;0.273886465;0.430575001;0.241722784;0.708243506
2.153673674;1.155128676;0.199470133;0.272921036;0.429057257;0.240816062;0.708506818
2.156396396;1.155870446;0.200636264;0.27195229;0.427534298;0.239912194;0.708767803
2.159119119;1.156609574;0.201798243;0.270980226;0.426006123;0.239011197;0.709026475
2.161841842;1.157346051;0.202956053;0.270004845;0.424472732;0.238113088;0.709282842
2.164564565;1.158079868;0.204109681;0.269026145;0.422934126;0.237217885;0.709536918
2.167287287;1.158811015;0.205259113;0.268044129;0.421390305;0.236325605;0.709788713
2.17001001;1.159539485;0.206404334;0.267058794;0.419841267;0.235436264;0.710038237
2.172732733;1.160265266;0.207545331;0.266070142;0.418287014;0.234549879;0.710285504
2.175455455;1.160988352;0.208682089;0.265078173;0.416727546;0.233666468;0.710530523
2.178178178;1.161708732;0.209814593;0.264082885;0.415162862;0.232786046;0.710773306
2.180900901;1.162426398;0.21094283;0.263084281;0.413592962;0.231908632;0.711013864
2.183623624;1.16314134;0.212066786;0.262082358;0.412017847;0.231034241;0.711252209
2.186346346;1.16385355;0.213186446;0.261077118;0.410437516;0.23016289;0.711488353
2.189069069;1.164563018;0.214301797;0.26006856;0.408851969;0.229294596;0.711722306
2.191791792;1.165269736;0.215412823;0.259056685;0.407261207;0.228429376;0.71195408
2.194514515;1.165973694;0.216519511;0.258041492;0.405665229;0.227567246;0.712183686
2.197237237;1.166674884;0.217621846;0.257022981;0.404064035;0.226708223;0.712411136
2.19995996;1.167373296;0.218719815;0.256001153;0.402457626;0.225852323;0.712636442
2.202682683;1.168068921;0.219813402;0.254976007;0.400846002;0.224999562;0.712859614
2.205405405;1.168761751;0.220902595;0.253947543;0.399229161;0.224149957;0.713080665
2.208128128;1.169451776;0.221987378;0.252915762;0.397607105;0.223303525;0.713299606
2.210850851;1.170138987;0.223067738;0.251880664;0.395979834;0.222460281;0.713516448
2.213573574;1.170823375;0.22414366;0.250842247;0.394347347;0.221620241;0.713731203
2.216296296;1.171504932;0.22521513;0.249800513;0.392709644;0.220783423;0.713943884
2.219019019;1.172183647;0.226282134;0.248755462;0.391066726;0.219949842;0.7141545
2.221741742;1.172859513;0.227344658;0.247707092;0.389418592;0.219119513;0.714363064
2.224464464;1.17353252;0.228402687;0.246655406;0.387765242;0.218292454;0.714569588
2.227187187;1.174202659;0.229456208;0.245600401;0.386106677;0.217468681;0.714774084
2.22990991;1.17486992;0.230505205;0.244542079;0.384442896;0.216648208;0.714976562
2.232632633;1.175534296;0.231549666;0.243480439;0.3827739;0.215831052;0.715177034
2.235355355;1.176195777;0.232589575;0.242415482;0.381099688;0.215017229;0.715375513
2.238078078;1.176854353;0.233624919;0.241347207;0.37942026;0.214206755;0.715572009
2.240800801;1.177510017;0.234655683;0.240275614;0.377735617;0.213399646;0.715766535
2.243523524;1.178162758;0.235681853;0.239200704;0.376045758;0.212595917;0.715959102
2.246246246;1.178812568;0.236703414;0.238122476;0.374350683;0.211795583;0.716149723
2.248968969;1.179459438;0.237720354;0.237040931;0.372650393;0.210998662;0.716338408
2.251691692;1.180103359;0.238732657;0.235956068;0.370944888;0.210205167;0.716525169
2.254414414;1.180744321;0.239740309;0.234867887;0.369234166;0.209415115;0.716710018
2.257137137;1.181382316;0.240743297;0.233776388;0.367518229;0.208628521;0.716892967
2.25985986;1.182017335;0.241741605;0.232681572;0.365797077;0.207845401;0.717074027
2.262582583;1.182649368;0.24273522;0.231583439;0.364070708;0.20706577;0.717253211
2.265305305;1.183278406;0.243724128;0.230481988;0.362339125;0.206289644;0.71743053
2.268028028;1.183904442;0.244708313;0.229377219;0.360602325;0.205517037;0.717605995
2.270750751;1.184527465;0.245687763;0.228269132;0.35886031;0.204747965;0.717779619
2.273473473;1.185147466;0.246662463;0.227157728;0.35711308;0.203982444;0.717951412
2.276196196;1.185764437;0.247632398;0.226043006;0.355360633;0.203220488;0.718121387
2.278918919;1.186378368;0.248597555;0.224924967;0.353602972;0.202462112;0.718289556
2.281641642;1.18698925;0.249557919;0.22380361;0.351840094;0.201707333;0.71845593
2.284364364;1.187597075;0.250513476;0.222678936;0.350072001;0.200956164;0.718620521
2.287087087;1.188201833;0.251464212;0.221550943;0.348298692;0.20020862;0.71878334
2.28980981;1.188803516;0.252410113;0.220419633;0.346520168;0.199464718;0.7189444
2.292532533;1.189402113;0.253351164;0.219285006;0.344736428;0.198724471;0.719103711
2.295255255;1.189997617;0.254287352;0.218147061;0.342947472;0.197987895;0.719261285
2.297977978;1.190590018;0.255218661;0.217005798;0.341153301;0.197255005;0.719417135
2.300700701;1.191179307;0.256145079;0.215861218;0.339353915;0.196525814;0.719571272
2.303423423;1.191765476;0.25706659;0.21471332;0.337549312;0.195800339;0.719723707
2.306146146;1.192348514;0.25798318;0.213562104;0.335739494;0.195078593;0.719874452
2.308868869;1.192928413;0.258894836;0.212407571;0.33392446;0.194360592;0.720023518
2.311591592;1.193505165;0.259801543;0.21124972;0.332104211;0.193646349;0.720170918
2.314314314;1.194078759;0.260703287;0.210088552;0.330278746;0.192935881;0.720316663
2.317037037;1.194649188;0.261600053;0.208924066;0.328448066;0.1922292;0.720460763
2.31975976;1.195216441;0.262491828;0.207756262;0.32661217;0.191526323;0.720603232
2.322482482;1.19578051;0.263378597;0.206585141;0.324771058;0.190827262;0.72074408
2.325205205;1.196341386;0.264260347;0.205410702;0.322924731;0.190132033;0.720883318
2.327927928;1.19689906;0.265137062;0.204232945;0.321073188;0.18944065;0.721020959
2.330650651;1.197453522;0.266008728;0.203051871;0.319216429;0.188753127;0.721157013
2.333373373;1.198004765;0.266875333;0.201867479;0.317354455;0.188069479;0.721291493
2.336096096;1.198552778;0.26773686;0.20067977;0.315487266;0.18738972;0.721424409
2.338818819;1.199097552;0.268593297;0.199488742;0.31361486;0.186713865;0.721555773
2.341541542;1.19963908;0.269444628;0.198294398;0.311737239;0.186041926;0.721685596
2.344264264;1.200177351;0.27029084;0.197096735;0.309854403;0.185373919;0.72181389
2.346986987;1.200712356;0.271131918;0.195895755;0.30796635;0.184709858;0.721940666
2.34970971;1.201244087;0.271967849;0.194691458;0.306073083;0.184049756;0.722065935
2.352432432;1.201772535;0.272798618;0.193483843;0.304174599;0.183393628;0.722189708
2.355155155;1.20229769;0.273624211;0.19227291;0.3022709;0.182741488;0.722311997
2.357877878;1.202819544;0.274444613;0.191058659;0.300361985;0.182093349;0.722432813
2.360600601;1.203338087;0.275259811;0.189841091;0.298447855;0.181449226;0.722552166
2.363323323;1.20385331;0.27606979;0.188620206;0.296528509;0.180809133;0.722670069
2.366046046;1.204365205;0.276874536;0.187396002;0.294603948;0.180173083;0.722786532
2.368768769;1.204873762;0.277674035;0.186168481;0.292674171;0.17954109;0.722901566
2.371491491;1.205378972;0.278468272;0.184937643;0.290739178;0.178913168;0.723015183
2.374214214;1.205880826;0.279257234;0.183703487;0.28879897;0.178289331;0.723127393
2.376936937;1.206379316;0.280040907;0.182466013;0.286853546;0.177669592;0.723238207
2.37965966;1.206874432;0.280819275;0.181225221;0.284902906;0.177053966;0.723347636
2.382382382;1.207366165;0.281592325;0.179981112;0.282947051;0.176442465;0.723455691
2.385105105;1.207854506;0.282360043;0.178733686;0.28098598;0.175835103;0.723562383
2.387827828;1.208339447;0.283122414;0.177482941;0.279019694;0.175231895;0.723667723
2.390550551;1.208820977;0.283879425;0.176228879;0.277048192;0.174632852;0.723771721
2.393273273;1.209299088;0.28463106;0.1749715;0.275071474;0.17403799;0.723874388
2.395995996;1.209773772;0.285377307;0.173710802;0.273089541;0.173447321;0.723975735
2.398718719;1.210245018;0.28611815;0.172446788;0.271102392;0.172860859;0.724075773
2.401441441;1.210712818;0.286853575;0.171179455;0.269110027;0.172278617;0.724174511
2.404164164;1.211177164;0.287583569;0.169908805;0.267112447;0.171700608;0.724271962
2.406886887;1.211638044;0.288308117;0.168634837;0.265109651;0.171126847;0.724368134
2.40960961;1.212095452;0.289027204;0.167357552;0.26310164;0.170557345;0.724463039
2.412332332;1.212549378;0.289740818;0.166076949;0.261088413;0.169992117;0.724556686
2.415055055;1.212999812;0.290448942;0.164793029;0.259069971;0.169431176;0.724649088
2.417777778;1.213446746;0.291151564;0.16350579;0.257046312;0.168874535;0.724740252
2.420500501;1.213890171;0.291848669;0.162215235;0.255017439;0.168322206;0.724830191
2.423223223;1.214330078;0.292540243;0.160921361;0.252983349;0.167774204;0.724918914
2.425945946;1.214766457;0.293226272;0.15962417;0.250944044;0.167230541;0.725006431
2.428668669;1.215199299;0.29390674;0.158323662;0.248899524;0.166691231;0.725092752
2.431391391;1.215628596;0.294581636;0.157019835;0.246849787;0.166156286;0.725177887
2.434114114;1.216054339;0.295250943;0.155712691;0.244794836;0.165625719;0.725261848
2.436836837;1.216476518;0.295914648;0.15440223;0.242734668;0.165099544;0.725344642
2.43955956;1.216895125;0.296572736;0.153088451;0.240669285;0.164577773;0.72542628
2.442282282;1.21731015;0.297225194;0.151771354;0.238598686;0.164060419;0.725506773
2.445005005;1.217721585;0.297872008;0.150450939;0.236522872;0.163547495;0.725586129
2.447727728;1.21812942;0.298513162;0.149127207;0.234441842;0.163039015;0.725664359
2.45045045;1.218533646;0.299148643;0.147800158;0.232355597;0.162534991;0.725741472
2.453173173;1.218934254;0.299778437;0.14646979;0.230264135;0.162035435;0.725817478
2.455895896;1.219331236;0.300402529;0.145136105;0.228167459;0.16154036;0.725892386
2.458618619;1.219724582;0.301020906;0.143799103;0.226065566;0.16104978;0.725966206
2.461341341;1.220114283;0.301633552;0.142458783;0.223958458;0.160563707;0.726038947
2.464064064;1.22050033;0.302240455;0.141115145;0.221846135;0.160082154;0.726110618
2.466786787;1.220882715;0.302841599;0.139768189;0.219728595;0.159605133;0.726181229
2.46950951;1.221261428;0.30343697;0.138417916;0.217605841;0.159132657;0.726250788
2.472232232;1.221636459;0.304026555;0.137064326;0.21547787;0.158664739;0.726319306
2.474954955;1.222007801;0.304610338;0.135707417;0.213344684;0.158201391;0.726386791
2.477677678;1.222375443;0.305188307;0.134347192;0.211206282;0.157742625;0.726453252
2.4804004;1.222739378;0.305760446;0.132983648;0.209062665;0.157288455;0.726518698
2.483123123;1.223099596;0.306326741;0.131616787;0.206913832;0.156838893;0.726583138
2.485845846;1.223456087;0.306887179;0.130246608;0.204759784;0.156393952;0.726646581
2.488568569;1.223808843;0.307441745;0.128873112;0.20260052;0.155953643;0.726709035
2.491291291;1.224157856;0.307990424;0.127496298;0.20043604;0.155517979;0.726770508
2.494014014;1.224503115;0.308533204;0.126116166;0.198266345;0.155086974;0.726831011
2.496736737;1.224844611;0.309070068;0.124732717;0.196091434;0.154660638;0.72689055
2.499459459;1.225182337;0.309601004;0.12334595;0.193911307;0.154238985;0.726949135
2.502182182;1.225516282;0.310125997;0.121955865;0.191725965;0.153822027;0.727006773
2.504904905;1.225846438;0.310645033;0.120562463;0.189535407;0.153409776;0.727063474
2.507627628;1.226172795;0.311158097;0.119165743;0.187339634;0.153002245;0.727119245
2.51035035;1.226495345;0.311665176;0.117765706;0.185138644;0.152599446;0.727174094
2.513073073;1.226814079;0.312166255;0.116362351;0.18293244;0.15220139;0.727228029
2.515795796;1.227128987;0.31266132;0.114955678;0.18072102;0.151808092;0.727281058
2.518518519;1.227440061;0.313150356;0.113545688;0.178504384;0.151419561;0.72733319
2.521241241;1.227747291;0.313633351;0.11213238;0.176282532;0.151035812;0.727384431
2.523963964;1.228050669;0.314110289;0.110715754;0.174055465;0.150656855;0.72743479
2.526686687;1.228350185;0.314581156;0.109295811;0.171823182;0.150282704;0.727484274
2.529409409;1.22864583;0.315045938;0.10787255;0.169585684;0.14991337;0.72753289
2.532132132;1.228937596;0.31550462;0.106445972;0.16734297;0.149548866;0.727580646
2.534854855;1.229225473;0.31595719;0.105016076;0.16509504;0.149189203;0.72762755
2.537577578;1.229509452;0.316403632;0.103582862;0.162841895;0.148834394;0.727673608
2.5403003;1.229789524;0.316843932;0.102146331;0.160583535;0.14848445;0.727718828
2.543023023;1.230065681;0.317278076;0.100706482;0.158319958;0.148139385;0.727763217
2.545745746;1.230337913;0.31770605;0.099263316;0.156051166;0.147799209;0.727806781
2.548468468;1.230606211;0.318127839;0.097816832;0.153777158;0.147463935;0.727849528
2.551191191;1.230870566;0.31854343;0.09636703;0.151497935;0.147133575;0.727891464
2.553913914;1.23113097;0.318952808;0.09491391;0.149213496;0.146808141;0.727932596
2.556636637;1.231387412;0.319355959;0.093457473;0.146923842;0.146487645;0.727972931
2.559359359;1.231639884;0.319752869;0.091997719;0.144628972;0.146172099;0.728012474
2.562082082;1.231888377;0.320143524;0.090534646;0.142328886;0.145861514;0.728051234
2.564804805;1.232132883;0.320527909;0.089068257;0.140023585;0.145555903;0.728089214
2.567527528;1.232373391;0.32090601;0.087598549;0.137713068;0.145255277;0.728126423
2.57025025;1.232609893;0.321277813;0.086125524;0.135397335;0.144959649;0.728162866
2.572972973;1.23284238;0.321643304;0.084649181;0.133076387;0.144669031;0.728198549
2.575695696;1.233070842;0.322002468;0.083169521;0.130750223;0.144383433;0.728233478
2.578418418;1.233295272;0.322355292;0.081686543;0.128418844;0.144102869;0.728267658
2.581141141;1.233515659;0.322701762;0.080200247;0.126082249;0.143827349;0.728301095
2.583863864;1.233731995;0.323041862;0.078710634;0.123740438;0.143556886;0.728333796
2.586586587;1.23394427;0.323375579;0.077217703;0.121393412;0.143291492;0.728365765
2.589309309;1.234152476;0.323702898;0.075721454;0.11904117;0.143031178;0.728397007
2.592032032;1.234356604;0.324023806;0.074221888;0.116683713;0.142775956;0.728427528
2.594754755;1.234556645;0.324338288;0.072719005;0.11432104;0.142525837;0.728457334
2.597477477;1.234752589;0.32464633;0.071212803;0.111953151;0.142280835;0.728486428
2.6002002;1.234944427;0.324947918;0.069703284;0.109580047;0.142040959;0.728514817
2.602922923;1.235132151;0.325243038;0.068190448;0.107201727;0.141806223;0.728542504
2.605645646;1.235315751;0.325531675;0.066674293;0.104818191;0.141576637;0.728569494
2.608368368;1.235495219;0.325813815;0.065154821;0.10242944;0.141352214;0.728595793
2.611091091;1.235670545;0.326089444;0.063632032;0.100035473;0.141132965;0.728621404
2.613813814;1.235841721;0.326358548;0.062105925;0.097636291;0.140918902;0.728646332
2.616536537;1.236008737;0.326621112;0.0605765;0.095231893;0.140710036;0.728670581
2.619259259;1.236171584;0.326877123;0.059043758;0.09282228;0.140506379;0.728694155
2.621981982;1.236330253;0.327126566;0.057507698;0.09040745;0.140307943;0.728717058
2.624704705;1.236484736;0.327369427;0.05596832;0.087987405;0.140114739;0.728739294
2.627427427;1.236635023;0.327605692;0.054425625;0.085562145;0.13992678;0.728760866
2.63015015;1.236781105;0.327835346;0.052879612;0.083131669;0.139744076;0.728781779
2.632872873;1.236922973;0.328058376;0.051330281;0.080695977;0.139566639;0.728802036
2.635595596;1.237060618;0.328274767;0.049777633;0.07825507;0.139394481;0.72882164
2.638318318;1.237194031;0.328484505;0.048221668;0.075808947;0.139227613;0.728840594
2.641041041;1.237323204;0.328687576;0.046662384;0.073357609;0.139066047;0.728858902
2.643763764;1.237448126;0.328883965;0.045099783;0.070901055;0.138909795;0.728876566
2.646486486;1.237568789;0.329073659;0.043533865;0.068439285;0.138758867;0.72889359
2.649209209;1.237685184;0.329256643;0.041964628;0.065972299;0.138613277;0.728909975
2.651931932;1.237797302;0.329432903;0.040392074;0.063500099;0.138473034;0.728925725
2.654654655;1.237905134;0.329602425;0.038816203;0.061022682;0.138338151;0.728940843
2.657377377;1.238008671;0.329765194;0.037237014;0.05854005;0.138208639;0.72895533
2.6601001;1.238107903;0.329921197;0.035654507;0.056052202;0.138084509;0.728969188
2.662822823;1.238202822;0.330070418;0.034068683;0.053559139;0.137965774;0.728982421
2.665545546;1.238293419;0.330212845;0.032479541;0.051060859;0.137852444;0.728995029
2.668268268;1.238379685;0.330348463;0.030887081;0.048557365;0.137744532;0.729007014
2.670990991;1.23846161;0.330477257;0.029291304;0.046048655;0.137642048;0.729018378
2.673713714;1.238539186;0.330599213;0.027692209;0.043534729;0.137545003;0.729029124
2.676436436;1.238612403;0.330714318;0.026089797;0.041015587;0.137453411;0.729039251
2.679159159;1.238681253;0.330822557;0.024484067;0.03849123;0.137367281;0.729048761
2.681881882;1.238745727;0.330923915;0.022875019;0.035961657;0.137286625;0.729057656
2.684604605;1.238805815;0.331018379;0.021262653;0.033426869;0.137211455;0.729065936
2.687327327;1.238861509;0.331105935;0.01964697;0.030886865;0.137141782;0.729073602
2.69005005;1.238912799;0.331186567;0.01802797;0.028341646;0.137077618;0.729080654
2.692772773;1.238959676;0.331260263;0.016405652;0.02579121;0.137018974;0.729087094
2.695495495;1.239002132;0.331327007;0.014780016;0.02323556;0.13696586;0.729092922
2.698218218;1.239040157;0.331386786;0.013151062;0.020674693;0.13691829;0.729098138
2.700940941;1.239073742;0.331439585;0.011518791;0.018108611;0.136876273;0.729102741
2.703663664;1.239102879;0.331485391;0.009883202;0.015537314;0.136839822;0.729106732
2.706386386;1.239127557;0.331524188;0.008244296;0.0129608;0.136808948;0.729110111
2.709109109;1.23914777;0.331555963;0.006602072;0.010379072;0.136783662;0.729112878
2.711831832;1.239163506;0.331580702;0.004956531;0.007792127;0.136763975;0.72911503
2.714554555;1.239174757;0.33159839;0.003307671;0.005199967;0.136749899;0.729116569
2.717277277;1.239181514;0.331609014;0.001655494;0.002602591;0.136741445;0.729117493
2.72;1.239183769;0.331612558;0;0;0.136738625;0.729117802
